ScientificName,BirdTreeName,Avibase.ID,gbif_dwnld_date,gbif_TaxonKey,maxrecords_in_gbif,maxrecords_PRESENT_only,comments_gbif,gbif_dwnld_type,cleaned_records
Podilymbus podiceps,Podilymbus podiceps,AVIBASE-9A8E55D0,9/29/2022,2482077,3507182,3507097,https://www.gbif.org/occurrence/download?has_coordinate=true&has_geospatial_issue=false&taxon_key=2482077&occurrence_status=present,manual,1013427
Gavia immer,Gavia immer,AVIBASE-7E022378,9/27/2022,2481962,2116046,2113396,https://www.gbif.org/occurrence/download?has_coordinate=true&has_geospatial_issue=false&taxon_key=2481962&occurrence_status=present,manual,670853
Larus delawarensis,Larus delawarensis,AVIBASE-23863F65,9/28/2022,2481134,7420547,7419935,https://www.gbif.org/occurrence/download?has_coordinate=true&has_geospatial_issue=false&taxon_key=2481134&occurrence_status=present,manual,3212581
Chlidonias niger,Chlidonias niger,AVIBASE-115AF02D,9/27/2022,2481119,522221,517236,https://www.gbif.org/occurrence/download?has_coordinate=true&has_geospatial_issue=false&taxon_key=2481119&occurrence_status=present,manual,220081
Pelecanus erythrorhynchos,Pelecanus erythrorhynchos,AVIBASE-866903B9,9/28/2022,5229155,1386233,1386203,https://www.gbif.org/occurrence/download?has_coordinate=true&has_geospatial_issue=false&taxon_key=5229155&occurrence_status=present,manual,602414
Anas platyrhynchos,Anas platyrhynchos,AVIBASE-85625D75,9/25/2022,9761484,18438327,18423910,https://www.gbif.org/occurrence/download?has_coordinate=true&has_geospatial_issue=false&taxon_key=9761484&occurrence_status=present,manual,8792688
Mareca strepera,Anas strepera,AVIBASE-C235A4D7,9/28/2022,9362027,4151745,4149567,https://www.gbif.org/occurrence/download?has_coordinate=true&has_geospatial_issue=false&taxon_key=9362027&occurrence_status=present,manual,1778904
Spatula discors,Anas discors,AVIBASE-90E2543E,9/30/2022,9422220,1963792,1963757,https://www.gbif.org/occurrence/download?has_coordinate=true&has_geospatial_issue=false&taxon_key=9422220&occurrence_status=present,manual,847937
Spatula cyanoptera,Anas cyanoptera,AVIBASE-0E599E6C,9/30/2022,9345027,767651,767624,https://www.gbif.org/occurrence/download?has_coordinate=true&has_geospatial_issue=false&taxon_key=9345027&occurrence_status=present,manual,147847
Spatula clypeata,Anas clypeata,AVIBASE-ED4CE8E7,9/30/2022,8332393,3953797,3953217,https://www.gbif.org/occurrence/download?has_coordinate=true&has_geospatial_issue=false&taxon_key=8332393&occurrence_status=present,manual,1824634
Anas acuta,Anas acuta,AVIBASE-56CCA717,9/25/2022,2498112,2418018,2415106,https://www.gbif.org/occurrence/download?has_coordinate=true&has_geospatial_issue=false&taxon_key=2498112&occurrence_status=present,manual,969329
Aythya americana,Aythya americana,AVIBASE-3072CC16,9/26/2022,2498263,1082867,1082806,https://www.gbif.org/occurrence/download?has_coordinate=true&has_geospatial_issue=false&taxon_key=2498263&occurrence_status=present,manual,406558
Branta canadensis,Branta canadensis,AVIBASE-B59E1863,9/26/2022,5232437,14722574,14713871,https://www.gbif.org/occurrence/download?has_coordinate=true&has_geospatial_issue=false&taxon_key=5232437&occurrence_status=present,manual,5810572
Cygnus buccinator,Cygnus buccinator,AVIBASE-B86C504C,9/27/2022,2498345,598468,598451,https://www.gbif.org/occurrence/download?has_coordinate=true&has_geospatial_issue=false&taxon_key=2498345&occurrence_status=present,manual,356444
Eudocimus albus,Eudocimus albus,AVIBASE-74EDE3CA,9/27/2022,5229205,1426994,1426470,https://www.gbif.org/occurrence/download?has_coordinate=true&has_geospatial_issue=false&taxon_key=5229205&occurrence_status=present,manual,589072
Ardea herodias,Ardea herodias,AVIBASE-93694BB5,9/25/2022,9630752,9144347,9143709,https://www.gbif.org/occurrence/download?has_coordinate=true&has_geospatial_issue=false&taxon_key=9630752&occurrence_status=present,manual,4066692
Ardea alba,Casmerodius albus,AVIBASE-49D9148A,9/25/2022,9752617,7733878,7726754,https://www.gbif.org/occurrence/download?has_coordinate=true&has_geospatial_issue=false&taxon_key=9752617&occurrence_status=present,manual,3410038
Bubulcus ibis,Bubulcus ibis,AVIBASE-6CCDAC53,9/26/2022,2480830,2936877,2931084,https://www.gbif.org/occurrence/download?has_coordinate=true&has_geospatial_issue=false&taxon_key=2480830&occurrence_status=present,manual,1267568
Butorides virescens,Butorides virescens,AVIBASE-9973F7CE,9/26/2022,9539567,2136010,2135336,https://www.gbif.org/occurrence/download?has_coordinate=true&has_geospatial_issue=false&taxon_key=9539567&occurrence_status=present,manual,1125021
Antigone canadensis,Grus canadensis,AVIBASE-E196D6F9,9/25/2022,9036008,1481312,1481256,https://www.gbif.org/occurrence/download?has_coordinate=true&has_geospatial_issue=false&taxon_key=9036008&occurrence_status=present,manual,653638
Porzana carolina,Porzana carolina,AVIBASE-2CC21529,9/30/2022,2474639,649123,649045,https://www.gbif.org/occurrence/download?has_coordinate=true&has_geospatial_issue=false&taxon_key=2474639&occurrence_status=present,manual,219663
Fulica americana,Fulica americana,AVIBASE-4FB248BA,9/27/2022,2474393,4088057,4087992,https://www.gbif.org/occurrence/download?has_coordinate=true&has_geospatial_issue=false&taxon_key=2474393&occurrence_status=present,manual,2344189
Phalaropus tricolor,Steganopus tricolor,AVIBASE-667C6969,9/29/2022,5229389,352326,351751,https://www.gbif.org/occurrence/download?has_coordinate=true&has_geospatial_issue=false&taxon_key=5229389&occurrence_status=present,manual,332386
Gallinago delicata,Gallinago gallinago,AVIBASE-F5C8516D,9/27/2022,2481817,1064029,1063974,https://www.gbif.org/occurrence/download?has_coordinate=true&has_geospatial_issue=false&taxon_key=2481817&occurrence_status=present,manual,231401
Limosa fedoa,Limosa fedoa,AVIBASE-249AE8DF,9/28/2022,2481684,501778,501244,https://www.gbif.org/occurrence/download?has_coordinate=true&has_geospatial_issue=false&taxon_key=2481684&occurrence_status=present,manual,152508
Tringa semipalmata,Catoptrophorus semipalmatus,AVIBASE-E7A14E91,10/1/2022,5789298,1351572,1351143,https://www.gbif.org/occurrence/download?has_coordinate=true&has_geospatial_issue=false&taxon_key=5789298&occurrence_status=present,manual,521695
Bartramia longicauda,Bartramia longicauda,AVIBASE-BF1DA86E,9/26/2022,2481705,145801,145776,https://www.gbif.org/occurrence/download?has_coordinate=true&has_geospatial_issue=false&taxon_key=2481705&occurrence_status=present,manual,58654
Numenius americanus,Numenius americanus,AVIBASE-5284C27B,9/28/2022,2481794,385656,385636,https://www.gbif.org/occurrence/download?has_coordinate=true&has_geospatial_issue=false&taxon_key=2481794&occurrence_status=present,manual,288326
Charadrius vociferus,Charadrius vociferus,AVIBASE-BCF9A19A,9/27/2022,2480320,6392564,6391957,https://www.gbif.org/occurrence/download?has_coordinate=true&has_geospatial_issue=false&taxon_key=2480320&occurrence_status=present,manual,2565215
Colinus virginianus,Colinus virginianus,AVIBASE-91CCBC71,9/27/2022,9791464,355055,352418,https://www.gbif.org/occurrence/download?has_coordinate=true&has_geospatial_issue=false&taxon_key=9791464&occurrence_status=present,manual,282278
Oreortyx pictus,Oreortyx pictus,AVIBASE-171E91FF,9/24/2022,2474320,62807,62793,NA,code,60315
Callipepla squamata,Callipepla squamata,AVIBASE-C46EEE59,9/24/2022,5228075,76710,76694,NA,code,74430
Callipepla californica,Callipepla californica,AVIBASE-F93AC929,9/26/2022,5228080,960895,958224,https://www.gbif.org/occurrence/download?has_coordinate=true&has_geospatial_issue=false&taxon_key=5228080&occurrence_status=present,manual,372474
Callipepla gambelii,Callipepla gambelii,AVIBASE-C1ED9F86,9/26/2022,5228072,429883,429819,https://www.gbif.org/occurrence/download?has_coordinate=true&has_geospatial_issue=false&taxon_key=5228072&occurrence_status=present,manual,417772
Phasianus colchicus,Phasianus colchicus,AVIBASE-2FA39DCD,9/29/2022,9752149,2092099,2081825,https://www.gbif.org/occurrence/download?has_coordinate=true&has_geospatial_issue=false&taxon_key=9752149&occurrence_status=present,manual,978811
Patagioenas fasciata,Patagioenas fasciata,AVIBASE-3B008E78,9/28/2022,2495266,619513,619478,https://www.gbif.org/occurrence/download?has_coordinate=true&has_geospatial_issue=false&taxon_key=2495266&occurrence_status=present,manual,412766
Columba livia,Columba livia,AVIBASE-BBA263C2,9/27/2022,2495414,9234579,9224777,https://www.gbif.org/occurrence/download?has_coordinate=true&has_geospatial_issue=false&taxon_key=2495414&occurrence_status=present,manual,3955910
Zenaida macroura,Zenaida macroura,AVIBASE-00124D98,10/1/2022,2495347,17442293,17442428,https://www.gbif.org/occurrence/download?has_coordinate=true&has_geospatial_issue=false&taxon_key=2495347&occurrence_status=present,manual,8109344
Zenaida asiatica,Zenaida asiatica,AVIBASE-BFBC73AF,10/1/2022,2495370,1967727,1967778,https://www.gbif.org/occurrence/download?has_coordinate=true&has_geospatial_issue=false&taxon_key=2495370&occurrence_status=present,manual,950935
Columbina passerina,Columbina passerina,AVIBASE-F9AED548,9/27/2022,2495869,623941,623768,https://www.gbif.org/occurrence/download?has_coordinate=true&has_geospatial_issue=false&taxon_key=2495869&occurrence_status=present,manual,389526
Cathartes aura,Cathartes aura,AVIBASE-36B3872D,9/26/2022,2481930,10992390,10988724,https://www.gbif.org/occurrence/download?has_coordinate=true&has_geospatial_issue=false&taxon_key=2481930&occurrence_status=present,manual,5255379
Coragyps atratus,Coragyps atratus,AVIBASE-4FF7DE80,9/27/2022,2481942,3822829,3822211,https://www.gbif.org/occurrence/download?has_coordinate=true&has_geospatial_issue=false&taxon_key=2481942&occurrence_status=present,manual,1824100
Circus hudsonius,Circus cyaneus,AVIBASE-A091D50A,9/27/2022,6101217,2635739,2635711,https://www.gbif.org/occurrence/download?has_coordinate=true&has_geospatial_issue=false&taxon_key=6101217&occurrence_status=present,manual,984619
Buteo jamaicensis,Buteo jamaicensis,AVIBASE-536A5157,9/26/2022,2480542,8309720,8308292,https://www.gbif.org/occurrence/download?has_coordinate=true&has_geospatial_issue=false&taxon_key=2480542&occurrence_status=present,manual,4186342
Buteo lineatus,Buteo lineatus,AVIBASE-EA4D6C0B,9/26/2022,2480529,3039780,3039017,https://www.gbif.org/occurrence/download?has_coordinate=true&has_geospatial_issue=false&taxon_key=2480529&occurrence_status=present,manual,1465654
Buteo swainsoni,Buteo swainsoni,AVIBASE-DE473F42,9/26/2022,2480562,539525,539490,https://www.gbif.org/occurrence/download?has_coordinate=true&has_geospatial_issue=false&taxon_key=2480562&occurrence_status=present,manual,277856
Falco sparverius,Falco sparverius,AVIBASE-20C2214E,9/27/2022,9685907,3935093,3933695,https://www.gbif.org/occurrence/download?has_coordinate=true&has_geospatial_issue=false&taxon_key=9685907&occurrence_status=present,manual,1719423
Geococcyx californianus,Geococcyx californianus,AVIBASE-DB5DABCF,9/27/2022,2496459,377756,377729,https://www.gbif.org/occurrence/download?has_coordinate=true&has_geospatial_issue=false&taxon_key=2496459&occurrence_status=present,manual,63316
Coccyzus americanus,Coccyzus americanus,AVIBASE-0CF12F81,9/27/2022,2496287,919155,919015,https://www.gbif.org/occurrence/download?has_coordinate=true&has_geospatial_issue=false&taxon_key=2496287&occurrence_status=present,manual,646036
Dryobates villosus,Picoides villosus,AVIBASE-9D06AF89,9/27/2022,10211179,4609712,4609710,https://www.gbif.org/occurrence/download?has_coordinate=true&has_geospatial_issue=false&taxon_key=10211179&occurrence_status=present,manual,2442537
Dryobates pubescens,Picoides pubescens,AVIBASE-1B2A6386,9/27/2022,9149595,12045871,12045758,https://www.gbif.org/occurrence/download?has_coordinate=true&has_geospatial_issue=false&taxon_key=9149595&occurrence_status=present,manual,5300055
Dryobates nuttallii,Picoides nuttallii,AVIBASE-FA087E52,9/27/2022,9088491,755207,755196,https://www.gbif.org/occurrence/download?has_coordinate=true&has_geospatial_issue=false&taxon_key=9088491&occurrence_status=present,manual,223725
Dryobates albolarvatus,Picoides albolarvatus,AVIBASE-6C74415D,9/24/2022,10876512,70451,70451,NA,code,70162
Sphyrapicus varius,Sphyrapicus varius,AVIBASE-9BE68BD3,9/30/2022,2478605,1749393,1749314,https://www.gbif.org/occurrence/download?has_coordinate=true&has_geospatial_issue=false&taxon_key=2478605&occurrence_status=present,manual,1007259
Dryocopus pileatus,Dryocopus pileatus,AVIBASE-00635FF9,9/27/2022,5228824,3365509,3365468,https://www.gbif.org/occurrence/download?has_coordinate=true&has_geospatial_issue=false&taxon_key=5228824&occurrence_status=present,manual,1672254
Melanerpes erythrocephalus,Melanerpes erythrocephalus,AVIBASE-448D91B7,9/28/2022,2478130,990871,990828,https://www.gbif.org/occurrence/download?has_coordinate=true&has_geospatial_issue=false&taxon_key=2478130&occurrence_status=present,manual,511485
Melanerpes formicivorus,Melanerpes formicivorus,AVIBASE-7E327303,9/28/2022,2478133,1102070,1101998,https://www.gbif.org/occurrence/download?has_coordinate=true&has_geospatial_issue=false&taxon_key=2478133&occurrence_status=present,manual,302995
Melanerpes carolinus,Melanerpes carolinus,AVIBASE-078557F2,9/28/2022,2478106,9518947,9518904,https://www.gbif.org/occurrence/download?has_coordinate=true&has_geospatial_issue=false&taxon_key=2478106&occurrence_status=present,manual,4314684
Melanerpes uropygialis,Melanerpes uropygialis,AVIBASE-377525FA,9/28/2022,2478112,518903,518876,https://www.gbif.org/occurrence/download?has_coordinate=true&has_geospatial_issue=false&taxon_key=2478112&occurrence_status=present,manual,484405
Colaptes auratus auratus,Colaptes auratus,NA,9/27/2022,2478259,9409776,9409533,https://www.gbif.org/occurrence/download?has_coordinate=true&has_geospatial_issue=false&taxon_key=2478259&occurrence_status=present,manual,4769474
Colaptes auratus cafer,Colaptes auratus,NA,,,,,,,
Antrostomus carolinensis,Caprimulgus carolinensis,AVIBASE-8D3E8871,9/24/2022,6101173,98951,98935,NA,code,87598
Chordeiles minor,Chordeiles minor,AVIBASE-24E39ACD,9/27/2022,2497035,654472,654359,https://www.gbif.org/occurrence/download?has_coordinate=true&has_geospatial_issue=false&taxon_key=2497035&occurrence_status=present,manual,324282
Chaetura pelagica,Chaetura pelagica,AVIBASE-C3AD1AFF,9/27/2022,4409023,2519356,2519334,https://www.gbif.org/occurrence/download?has_coordinate=true&has_geospatial_issue=false&taxon_key=4409023&occurrence_status=present,manual,1237889
Archilochus colubris,Archilochus colubris,AVIBASE-DEC3D8D0,9/25/2022,5228514,2910944,2910886,https://www.gbif.org/occurrence/download?has_coordinate=true&has_geospatial_issue=false&taxon_key=5228514&occurrence_status=present,manual,1400744
Selasphorus platycercus,Selasphorus platycercus,AVIBASE-AFBD5A5F,9/30/2022,2476844,391453,391382,https://www.gbif.org/occurrence/download?has_coordinate=true&has_geospatial_issue=false&taxon_key=2476844&occurrence_status=present,manual,156867
Tyrannus forficatus,Tyrannus forficatus,AVIBASE-6F65F82B,10/1/2022,5229687,509092,509106,https://www.gbif.org/occurrence/download?has_coordinate=true&has_geospatial_issue=false&taxon_key=5229687&occurrence_status=present,manual,174771
Tyrannus tyrannus,Tyrannus tyrannus,AVIBASE-082D833C,10/1/2022,5229688,2614192,2614166,https://www.gbif.org/occurrence/download?has_coordinate=true&has_geospatial_issue=false&taxon_key=5229688&occurrence_status=present,manual,1344848
Tyrannus verticalis,Tyrannus verticalis,AVIBASE-2281F1C7,10/1/2022,5229675,987388,987337,https://www.gbif.org/occurrence/download?has_coordinate=true&has_geospatial_issue=false&taxon_key=5229675&occurrence_status=present,manual,328992
Tyrannus vociferans,Tyrannus vociferans,AVIBASE-178B8955,10/1/2022,5229681,496990,497018,https://www.gbif.org/occurrence/download?has_coordinate=true&has_geospatial_issue=false&taxon_key=5229681&occurrence_status=present,manual,449636
Myiarchus crinitus,Myiarchus crinitus,AVIBASE-8D6D5F2B,9/28/2022,2483597,2282070,2282012,https://www.gbif.org/occurrence/download?has_coordinate=true&has_geospatial_issue=false&taxon_key=2483597&occurrence_status=present,manual,1059665
Myiarchus tyrannulus,Myiarchus tyrannulus,AVIBASE-FC9E06A0,9/28/2022,2483589,226254,226165,https://www.gbif.org/occurrence/download?has_coordinate=true&has_geospatial_issue=false&taxon_key=2483589&occurrence_status=present,manual,125196
Myiarchus cinerascens,Myiarchus cinerascens,AVIBASE-E0A04985,9/28/2022,2483600,494205,494107,https://www.gbif.org/occurrence/download?has_coordinate=true&has_geospatial_issue=false&taxon_key=2483600&occurrence_status=present,manual,331230
Sayornis phoebe,Sayornis phoebe,AVIBASE-62CA2AF8,9/30/2022,2483606,4634124,4634072,https://www.gbif.org/occurrence/download?has_coordinate=true&has_geospatial_issue=false&taxon_key=2483606&occurrence_status=present,manual,2538334
Sayornis saya,Sayornis saya,AVIBASE-28669A3D,9/30/2022,2483607,1154296,1154230,https://www.gbif.org/occurrence/download?has_coordinate=true&has_geospatial_issue=false&taxon_key=2483607&occurrence_status=present,manual,618958
Sayornis nigricans,Sayornis nigricans,AVIBASE-B182DED2,9/30/2022,2483612,2378202,2378146,https://www.gbif.org/occurrence/download?has_coordinate=true&has_geospatial_issue=false&taxon_key=2483612&occurrence_status=present,manual,333619
Contopus cooperi,Contopus cooperi,AVIBASE-951C150C,9/27/2022,5229743,373421,373380,https://www.gbif.org/occurrence/download?has_coordinate=true&has_geospatial_issue=false&taxon_key=5229743&occurrence_status=present,manual,258572
Contopus virens,Contopus virens,AVIBASE-9891BF73,9/27/2022,5229734,2292843,2292782,https://www.gbif.org/occurrence/download?has_coordinate=true&has_geospatial_issue=false&taxon_key=5229734&occurrence_status=present,manual,1173988
Contopus sordidulus,Contopus sordidulus,AVIBASE-F6CA75F0,9/27/2022,5229754,851860,851672,https://www.gbif.org/occurrence/download?has_coordinate=true&has_geospatial_issue=false&taxon_key=5229754&occurrence_status=present,manual,614885
Empidonax difficilis,Empidonax difficilis,AVIBASE-44A20283,9/27/2022,9568685,525760,525622,https://www.gbif.org/occurrence/download?has_coordinate=true&has_geospatial_issue=false&taxon_key=9568685&occurrence_status=present,manual,240748
Empidonax virescens,Empidonax virescens,AVIBASE-2778A3F4,9/27/2022,2482802,496871,496827,https://www.gbif.org/occurrence/download?has_coordinate=true&has_geospatial_issue=false&taxon_key=2482802&occurrence_status=present,manual,232591
Empidonax traillii,Empidonax traillii,AVIBASE-5BC4E0EF,9/27/2022,2482786,661018,660954,https://www.gbif.org/occurrence/download?has_coordinate=true&has_geospatial_issue=false&taxon_key=2482786&occurrence_status=present,manual,406135
Empidonax alnorum,Empidonax alnorum,AVIBASE-33808812,9/27/2022,2482809,404454,404433,https://www.gbif.org/occurrence/download?has_coordinate=true&has_geospatial_issue=false&taxon_key=2482809&occurrence_status=present,manual,139698
Empidonax minimus,Empidonax minimus,AVIBASE-F5837054,9/27/2022,2482791,894520,894454,https://www.gbif.org/occurrence/download?has_coordinate=true&has_geospatial_issue=false&taxon_key=2482791&occurrence_status=present,manual,593781
Empidonax hammondii,Empidonax hammondii,AVIBASE-1EB2595E,9/27/2022,2482800,191790,191644,https://www.gbif.org/occurrence/download?has_coordinate=true&has_geospatial_issue=false&taxon_key=2482800&occurrence_status=present,manual,160006
Empidonax oberholseri,Empidonax oberholseri,AVIBASE-499FFF98,9/27/2022,2482803,188583,188455,https://www.gbif.org/occurrence/download?has_coordinate=true&has_geospatial_issue=false&taxon_key=2482803&occurrence_status=present,manual,106660
Eremophila alpestris,Eremophila alpestris,AVIBASE-FC0A1D95,9/27/2022,9415596,1405666,1402567,https://www.gbif.org/occurrence/download?has_coordinate=true&has_geospatial_issue=false&taxon_key=9415596&occurrence_status=present,manual,550454
Pica hudsonia,Pica hudsonia,AVIBASE-640D71AA,9/29/2022,5229487,1693819,1693781,https://www.gbif.org/occurrence/download?has_coordinate=true&has_geospatial_issue=false&taxon_key=5229487&occurrence_status=present,manual,811467
Pica nuttalli,Pica nuttalli,AVIBASE-538A9CA7,9/24/2022,5229489,93523,93518,NA,code,92449
Cyanocitta cristata,Cyanocitta cristata,AVIBASE-1DA430B8,9/27/2022,2482593,14987744,14987662,https://www.gbif.org/occurrence/download?has_coordinate=true&has_geospatial_issue=false&taxon_key=2482593&occurrence_status=present,manual,6774521
Cyanocitta stelleri,Cyanocitta stelleri,AVIBASE-2225D685,9/27/2022,2482598,1792002,1791568,https://www.gbif.org/occurrence/download?has_coordinate=true&has_geospatial_issue=false&taxon_key=2482598&occurrence_status=present,manual,684624
Aphelocoma californica,Aphelocoma californica,AVIBASE-151C2B3F,9/25/2022,2482414,1905185,1905129,https://www.gbif.org/occurrence/download?has_coordinate=true&has_geospatial_issue=false&taxon_key=2482414&occurrence_status=present,manual,855477
Aphelocoma woodhouseii,Aphelocoma californica,AVIBASE-EC9E9745,9/25/2022,5844900,395881,395820,https://www.gbif.org/occurrence/download?has_coordinate=true&has_geospatial_issue=false&taxon_key=5844900&occurrence_status=present,manual,252930
Perisoreus canadensis,Perisoreus canadensis,AVIBASE-69A6E32F,9/28/2022,2482436,301213,301053,https://www.gbif.org/occurrence/download?has_coordinate=true&has_geospatial_issue=false&taxon_key=2482436&occurrence_status=present,manual,269402
Corvus corax,Corvus corax,AVIBASE-B9B272F4,9/27/2022,2482492,7484161,7479509,https://www.gbif.org/occurrence/download?has_coordinate=true&has_geospatial_issue=false&taxon_key=2482492&occurrence_status=present,manual,3235814
Corvus cryptoleucus,Corvus cryptoleucus,AVIBASE-F3B84E07,9/27/2022,2482500,101127,101122,https://www.gbif.org/occurrence/download?has_coordinate=true&has_geospatial_issue=false&taxon_key=2482500&occurrence_status=present,manual,81644
Corvus brachyrhynchos,Corvus brachyrhynchos,AVIBASE-69544B59,9/27/2022,2482507,18286252,18285975,https://www.gbif.org/occurrence/download?has_coordinate=true&has_geospatial_issue=false&taxon_key=2482507&occurrence_status=present,manual,8212695
Corvus brachyrhynchos / ossifragus,Corvus ossifragus,NA,NA,NA,NA,NA,NA,NA,NA
Corvus ossifragus,Corvus ossifragus,AVIBASE-43E56D2C,9/27/2022,2482481,2073054,2073044,https://www.gbif.org/occurrence/download?has_coordinate=true&has_geospatial_issue=false&taxon_key=2482481&occurrence_status=present,manual,570586
Nucifraga columbiana,Nucifraga columbiana,AVIBASE-D1FC2D6B,9/28/2022,2482614,217355,217279,https://www.gbif.org/occurrence/download?has_coordinate=true&has_geospatial_issue=false&taxon_key=2482614&occurrence_status=present,manual,78384
Gymnorhinus cyanocephalus,Gymnorhinus cyanocephalus,AVIBASE-A6905B3C,9/24/2022,5229498,73549,73529,NA,code,71943
Sturnus vulgaris,Sturnus vulgaris,AVIBASE-94A44032,10/1/2022,9809229,17977036,17950946,https://www.gbif.org/occurrence/download?has_coordinate=true&has_geospatial_issue=false&taxon_key=9809229&occurrence_status=present,manual,7804243
Dolichonyx oryzivorus,Dolichonyx oryzivorus,AVIBASE-F845062F,9/27/2022,2484417,620005,619921,https://www.gbif.org/occurrence/download?has_coordinate=true&has_geospatial_issue=false&taxon_key=2484417&occurrence_status=present,manual,340404
Molothrus ater,Molothrus ater,AVIBASE-1E1AB415,9/28/2022,2484391,5346302,5346073,https://www.gbif.org/occurrence/download?has_coordinate=true&has_geospatial_issue=false&taxon_key=2484391&occurrence_status=present,manual,2584310
Xanthocephalus xanthocephalus,Xanthocephalus xanthocephalus,AVIBASE-3E2D0C9B,10/1/2022,2484195,569351,569313,https://www.gbif.org/occurrence/download?has_coordinate=true&has_geospatial_issue=false&taxon_key=2484195&occurrence_status=present,manual,418359
Agelaius phoeniceus,Agelaius phoeniceus,AVIBASE-C86D078E,9/25/2022,9409198,13256991,13256690,https://www.gbif.org/occurrence/download/0023209-220831081235567,manual,1350521
Sturnella magna,Sturnella magna,AVIBASE-27410227,10/1/2022,2484254,1651629,1651576,https://www.gbif.org/occurrence/download?has_coordinate=true&has_geospatial_issue=false&taxon_key=2484254&occurrence_status=present,manual,801856
Sturnella neglecta,Sturnella neglecta,AVIBASE-4A5B4883,10/1/2022,9596413,1565966,1565924,https://www.gbif.org/occurrence/download?has_coordinate=true&has_geospatial_issue=false&taxon_key=9596413&occurrence_status=present,manual,906357
Icterus parisorum,Icterus parisorum,AVIBASE-9EE6D524,9/24/2022,5229930,94182,94150,NA,code,91538
Icterus spurius,Icterus spurius,AVIBASE-5E9777FB,9/28/2022,5229935,920725,920648,https://www.gbif.org/occurrence/download?has_coordinate=true&has_geospatial_issue=false&taxon_key=5229935&occurrence_status=present,manual,474553
Icterus galbula,Icterus galbula,AVIBASE-5110842F,9/28/2022,2484340,2694836,2694708,https://www.gbif.org/occurrence/download?has_coordinate=true&has_geospatial_issue=false&taxon_key=2484340&occurrence_status=present,manual,1272735
Icterus bullockii,Icterus bullockii,AVIBASE-7E65A952,9/28/2022,5229864,598862,598788,https://www.gbif.org/occurrence/download?has_coordinate=true&has_geospatial_issue=false&taxon_key=5229864&occurrence_status=present,manual,278044
Euphagus cyanocephalus,Euphagus cyanocephalus,AVIBASE-EA5E858A,9/27/2022,2484183,1449162,1449073,https://www.gbif.org/occurrence/download?has_coordinate=true&has_geospatial_issue=false&taxon_key=2484183&occurrence_status=present,manual,420799
Quiscalus quiscula,Quiscalus quiscula,AVIBASE-8BBB3255,9/30/2022,2484155,7874720,7874606,https://www.gbif.org/occurrence/download?has_coordinate=true&has_geospatial_issue=false&taxon_key=2484155&occurrence_status=present,manual,3591579
Quiscalus mexicanus,Quiscalus mexicanus,AVIBASE-5CBA3391,9/30/2022,9476062,2305754,2305625,https://www.gbif.org/occurrence/download?has_coordinate=true&has_geospatial_issue=false&taxon_key=9476062&occurrence_status=present,manual,1051008
Quiscalus major,Quiscalus major,AVIBASE-EF47E15D,9/30/2022,2484133,972092,972043,https://www.gbif.org/occurrence/download?has_coordinate=true&has_geospatial_issue=false&taxon_key=2484133&occurrence_status=present,manual,313890
Haemorhous purpureus,Carpodacus purpureus,AVIBASE-B4EE123D,9/28/2022,7804446,1925290,1925180,https://www.gbif.org/occurrence/download?has_coordinate=true&has_geospatial_issue=false&taxon_key=7804446&occurrence_status=present,manual,863738
Haemorhous cassinii,Carpodacus cassinii,AVIBASE-AC1E519F,9/28/2022,8255548,295378,295144,https://www.gbif.org/occurrence/download?has_coordinate=true&has_geospatial_issue=false&taxon_key=8255548&occurrence_status=present,manual,230989
Haemorhous mexicanus,Carpodacus mexicanus,AVIBASE-89431E9F,9/28/2022,8323485,11614408,11614259,https://www.gbif.org/occurrence/download?has_coordinate=true&has_geospatial_issue=false&taxon_key=8323485&occurrence_status=present,manual,5513583
Loxia curvirostra,Loxia curvirostra,AVIBASE-135564AA,9/28/2022,9629160,1048042,1046471,https://www.gbif.org/occurrence/download?has_coordinate=true&has_geospatial_issue=false&taxon_key=9629160&occurrence_status=present,manual,715233
Carduelis flammea / hornemanni,Carduelis hornemanni,NA,NA,NA,NA,NA,NA,name confusion,NA
Acanthis flammea,Carduelis flammea,AVIBASE-A2BB98A9,9/25/2022,5231630,2415126,2408835, https://www.gbif.org/occurrence/download?has_coordinate=true&has_geospatial_issue=false&taxon_key=5231630&occurrence_status=present,manual,976678
Acanthis flammea,Carduelis hornemanni,AVIBASE-A2BB98A9,9/25/2022,5231630,2415126,2408835, https://www.gbif.org/occurrence/download?has_coordinate=true&has_geospatial_issue=false&taxon_key=5231630&occurrence_status=present,manual,976678
Spinus tristis,Carduelis tristis,AVIBASE-C9ABA616,9/24/2022,5231640,13001776,13001683,https://www.gbif.org/occurrence/download?has_coordinate=true&has_geospatial_issue=false&taxon_key=5231640&occurrence_status=present,manual,5970666
Spinus psaltria,Carduelis psaltria,AVIBASE-CD5C21CA,9/30/2022,5231647,2561441,2561336,https://www.gbif.org/occurrence/download?has_coordinate=true&has_geospatial_issue=false&taxon_key=5231647&occurrence_status=present,manual,1232437
Spinus pinus,Carduelis pinus,AVIBASE-B48335B1,9/30/2022,5231635,2512026,2511830,https://www.gbif.org/occurrence/download?has_coordinate=true&has_geospatial_issue=false&taxon_key=5231635&occurrence_status=present,manual,1116122
Calcarius lapponicus,Calcarius lapponicus,AVIBASE-3534E4CE,9/26/2022,2491678,325641,322987,https://www.gbif.org/occurrence/download?has_coordinate=true&has_geospatial_issue=false&taxon_key=2491678&occurrence_status=present,manual,225220
Calcarius ornatus,Calcarius ornatus,AVIBASE-B64C1B1D,9/24/2022,2491677,41660,41639,NA,code,39540
Pooecetes gramineus,Pooecetes gramineus,AVIBASE-3647E146,9/30/2022,2491728,638935,638815,https://www.gbif.org/occurrence/download?has_coordinate=true&has_geospatial_issue=false&taxon_key=2491728&occurrence_status=present,manual,246798
Passerculus sandwichensis,Passerculus sandwichensis,AVIBASE-3C974C47,9/28/2022,5231142,2786698,2786341,https://www.gbif.org/occurrence/download?has_coordinate=true&has_geospatial_issue=false&taxon_key=5231142&occurrence_status=present,manual,1219346
Ammodramus savannarum,Ammodramus savannarum,AVIBASE-5BFFE091,9/25/2022,2491123,345077,345015,https://www.gbif.org/occurrence/download?has_coordinate=true&has_geospatial_issue=false&taxon_key=2491123&occurrence_status=present,manual,230559
Ammospiza leconteii,Ammodramus leconteii,AVIBASE-B656B15D,9/24/2022,2491081,61708,61708,NA,code,55263
Chondestes grammacus,Chondestes grammacus,AVIBASE-78509A5D,9/27/2022,2491651,691075,691014,https://www.gbif.org/occurrence/download?has_coordinate=true&has_geospatial_issue=false&taxon_key=2491651&occurrence_status=present,manual,280260
Zonotrichia leucophrys,Zonotrichia leucophrys,AVIBASE-8601A467,10/1/2022,5231132,4296748,4296647,https://www.gbif.org/occurrence/download?has_coordinate=true&has_geospatial_issue=false&taxon_key=5231132&occurrence_status=present,manual,2173239
Zonotrichia atricapilla,Zonotrichia atricapilla,AVIBASE-BD61BDEC,10/1/2022,5231138,1174623,1174563,https://www.gbif.org/occurrence/download?has_coordinate=true&has_geospatial_issue=false&taxon_key=5231138&occurrence_status=present,manual,795106
Zonotrichia albicollis,Zonotrichia albicollis,AVIBASE-39BD9FF2,10/1/2022,5231140,5934785,5934778,https://www.gbif.org/occurrence/download?has_coordinate=true&has_geospatial_issue=false&taxon_key=5231140&occurrence_status=present,manual,2890990
Spizelloides arborea,Spizella arborea,AVIBASE-2A86F9C9,9/30/2022,7357320,1566847,1566796,https://www.gbif.org/occurrence/download?has_coordinate=true&has_geospatial_issue=false&taxon_key=7357320&occurrence_status=present,manual,750685
Spizella passerina,Spizella passerina,AVIBASE-37E9CCDA,9/30/2022,2492109,5734091,5733742,https://www.gbif.org/occurrence/download?has_coordinate=true&has_geospatial_issue=false&taxon_key=2492109&occurrence_status=present,manual,2800313
Spizella pallida,Spizella pallida,AVIBASE-486265CF,9/30/2022,2492101,399376,399346,https://www.gbif.org/occurrence/download?has_coordinate=true&has_geospatial_issue=false&taxon_key=2492101&occurrence_status=present,manual,309577
Spizella breweri,Spizella breweri,AVIBASE-29967541,9/30/2022,2492099,243613,243507,https://www.gbif.org/occurrence/download?has_coordinate=true&has_geospatial_issue=false&taxon_key=2492099&occurrence_status=present,manual,79723
Spizella pusilla,Spizella pusilla,AVIBASE-E23F6DE0,9/30/2022,2492096,1972618,1972593,https://www.gbif.org/occurrence/download?has_coordinate=true&has_geospatial_issue=false&taxon_key=2492096&occurrence_status=present,manual,957453
Junco hyemalis aikeni,Junco hyemalis,NA,NA,NA,NA,NA,NA,NA,NA
Junco hyemalis hyemalis,Junco hyemalis,NA,9/28/2022,9362842,9430926,9430395,https://www.gbif.org/occurrence/download?has_coordinate=true&has_geospatial_issue=false&taxon_key=9362842&occurrence_status=present,manual,5039232
Junco hyemalis oreganus,Junco hyemalis,NA,NA,NA,NA,NA,NA,NA,NA
Junco hyemalis caniceps,Junco hyemalis,NA,NA,NA,NA,NA,NA,NA,NA
Amphispiza bilineata,Amphispiza bilineata,AVIBASE-A0F29F1E,9/25/2022,2491757,304087,303937,https://www.gbif.org/occurrence/download?has_coordinate=true&has_geospatial_issue=false&taxon_key=2491757&occurrence_status=present,manual,169369
Peucaea cassinii,Aimophila cassinii,AVIBASE-B58AFD6E,9/24/2022,6091692,63647,63639,NA,code,62006
Melospiza melodia,Melospiza melodia,AVIBASE-A5F09E05,9/28/2022,2492196,14014185,14013872,https://www.gbif.org/occurrence/download?has_coordinate=true&has_geospatial_issue=false&taxon_key=2492196&occurrence_status=present,manual,5360495
Melospiza lincolnii,Melospiza lincolnii,AVIBASE-AF49F890,9/28/2022,2492192,1306305,1306143,https://www.gbif.org/occurrence/download?has_coordinate=true&has_geospatial_issue=false&taxon_key=2492192&occurrence_status=present,manual,883350
Melospiza georgiana,Melospiza georgiana,AVIBASE-4E192262,9/28/2022,2492235,2042278,2042238,https://www.gbif.org/occurrence/download?has_coordinate=true&has_geospatial_issue=false&taxon_key=2492235&occurrence_status=present,manual,1493642
Passerella iliaca,Passerella iliaca,AVIBASE-0B1B2EB6,9/28/2022,2491872,1318128,1318051,https://www.gbif.org/occurrence/download?has_coordinate=true&has_geospatial_issue=false&taxon_key=2491872&occurrence_status=present,manual,891686
Pipilo erythrophthalmus,Pipilo erythrophthalmus,AVIBASE-6090278A,9/29/2022,2491205,3469561,3469444,https://www.gbif.org/occurrence/download?has_coordinate=true&has_geospatial_issue=false&taxon_key=2491205&occurrence_status=present,manual,1321127
Pipilo maculatus,Pipilo maculatus,AVIBASE-58E25701,9/29/2022,9709230,3014335,3013747,https://www.gbif.org/occurrence/download?has_coordinate=true&has_geospatial_issue=false&taxon_key=9709230&occurrence_status=present,manual,1684472
Pipilo chlorurus,Pipilo chlorurus,AVIBASE-45D829B3,9/29/2022,2491276,257133,257031,https://www.gbif.org/occurrence/download?has_coordinate=true&has_geospatial_issue=false&taxon_key=2491276&occurrence_status=present,manual,121112
Melozone fusca,Pipilo fuscus,AVIBASE-FE69A9C4,9/28/2022,7341622,316071,316042,https://www.gbif.org/occurrence/download?has_coordinate=true&has_geospatial_issue=false&taxon_key=7341622&occurrence_status=present,manual,142182
Cardinalis cardinalis,Cardinalis cardinalis,AVIBASE-4E74AE22,9/26/2022,2490384,16708053,16707903,https://www.gbif.org/occurrence/download?has_coordinate=true&has_geospatial_issue=false&taxon_key=2490384&occurrence_status=present,manual,7718157
Cardinalis sinuatus,Cardinalis sinuatus,AVIBASE-DE21A6BE,9/26/2022,2490405,217324,217303,https://www.gbif.org/occurrence/download?has_coordinate=true&has_geospatial_issue=false&taxon_key=2490405&occurrence_status=present,manual,104337
Pheucticus ludovicianus,Pheucticus ludovicianus,AVIBASE-7C2FCB13,9/29/2022,2490494,1782038,1781921,https://www.gbif.org/occurrence/download?has_coordinate=true&has_geospatial_issue=false&taxon_key=2490494&occurrence_status=present,manual,838588
Pheucticus melanocephalus,Pheucticus melanocephalus,AVIBASE-824361E5,9/29/2022,2490487,987985,987510,https://www.gbif.org/occurrence/download?has_coordinate=true&has_geospatial_issue=false&taxon_key=2490487&occurrence_status=present,manual,534493
Passerina caerulea,Passerina caerulea,AVIBASE-A7A75EA1,9/28/2022,5230862,806273,806212,https://www.gbif.org/occurrence/download?has_coordinate=true&has_geospatial_issue=false&taxon_key=5230862&occurrence_status=present,manual,455924
Passerina cyanea,Passerina cyanea,AVIBASE-043F337A,9/28/2022,2490327,2509202,2509078,https://www.gbif.org/occurrence/download?has_coordinate=true&has_geospatial_issue=false&taxon_key=2490327&occurrence_status=present,manual,1120567
Passerina amoena,Passerina amoena,AVIBASE-9F67F3AF,9/28/2022,5230861,416016,415896,https://www.gbif.org/occurrence/download?has_coordinate=true&has_geospatial_issue=false&taxon_key=5230861&occurrence_status=present,manual,166502
Passerina ciris,Passerina ciris,AVIBASE-0BDB87DE,9/28/2022,5230852,374223,374033,https://www.gbif.org/occurrence/download?has_coordinate=true&has_geospatial_issue=false&taxon_key=5230852&occurrence_status=present,manual,157518
Spiza americana,Spiza americana,AVIBASE-592E58CE,9/30/2022,2490363,453328,453267,https://www.gbif.org/occurrence/download?has_coordinate=true&has_geospatial_issue=false&taxon_key=2490363&occurrence_status=present,manual,251637
Calamospiza melanocorys,Calamospiza melanocorys,AVIBASE-938C5572,9/26/2022,2491893,112081,112050,https://www.gbif.org/occurrence/download?has_coordinate=true&has_geospatial_issue=false&taxon_key=2491893&occurrence_status=present,manual,7089
Piranga ludoviciana,Piranga ludoviciana,AVIBASE-0ADA5F17,9/29/2022,2488484,912014,911472,https://www.gbif.org/occurrence/download?has_coordinate=true&has_geospatial_issue=false&taxon_key=2488484&occurrence_status=present,manual,586485
Piranga olivacea,Piranga olivacea,AVIBASE-42101632,9/29/2022,2488517,1207430,1207364,https://www.gbif.org/occurrence/download?has_coordinate=true&has_geospatial_issue=false&taxon_key=2488517&occurrence_status=present,manual,447026
Piranga rubra,Piranga rubra,AVIBASE-891798D9,9/29/2022,2488485,1139896,1139819,https://www.gbif.org/occurrence/download?has_coordinate=true&has_geospatial_issue=false&taxon_key=2488485&occurrence_status=present,manual,603043
Progne subis,Progne subis,AVIBASE-ACB9D1C6,9/30/2022,2489129,1382221,1382170,https://www.gbif.org/occurrence/download?has_coordinate=true&has_geospatial_issue=false&taxon_key=2489129&occurrence_status=present,manual,622228
Petrochelidon pyrrhonota,Petrochelidon pyrrhonota,AVIBASE-F5C181CA,9/28/2022,2489169,1576054,1575981,https://www.gbif.org/occurrence/download?has_coordinate=true&has_geospatial_issue=false&taxon_key=2489169&occurrence_status=present,manual,751667
Hirundo rustica,Hirundo rustica,AVIBASE-58C502EA,9/28/2022,9515886,11311796,11285574,https://www.gbif.org/occurrence/download?has_coordinate=true&has_geospatial_issue=false&taxon_key=9515886&occurrence_status=present,manual,4720570
Tachycineta bicolor,Tachycineta bicolor,AVIBASE-BBA2F9DF,10/1/2022,2489181,5510698,5510591,https://www.gbif.org/occurrence/download?has_coordinate=true&has_geospatial_issue=false&taxon_key=2489181&occurrence_status=present,manual,2442650
Tachycineta thalassina,Tachycineta thalassina,AVIBASE-75DC49AD,10/1/2022,5230754,1167413,1167351,https://www.gbif.org/occurrence/download?has_coordinate=true&has_geospatial_issue=false&taxon_key=5230754&occurrence_status=present,manual,808622
Riparia riparia,Riparia riparia,AVIBASE-94A1C447,9/30/2022,2489160,1664042,1662203,https://www.gbif.org/occurrence/download?has_coordinate=true&has_geospatial_issue=false&taxon_key=2489160&occurrence_status=present,manual,732721
Stelgidopteryx serripennis,Stelgidopteryx serripennis,AVIBASE-259B5E46,9/30/2022,2489202,2145704,2145658,https://www.gbif.org/occurrence/download?has_coordinate=true&has_geospatial_issue=false&taxon_key=2489202&occurrence_status=present,manual,945272
Bombycilla cedrorum,Bombycilla cedrorum,AVIBASE-9437D635,9/26/2022,2484609,4612935,4612739,https://www.gbif.org/occurrence/download?has_coordinate=true&has_geospatial_issue=false&taxon_key=2484609&occurrence_status=present,manual,1970812
Lanius ludovicianus,Lanius ludovicianus,AVIBASE-36171C2B,9/28/2022,2492870,1112551,1112447,https://www.gbif.org/occurrence/download?has_coordinate=true&has_geospatial_issue=false&taxon_key=2492870&occurrence_status=present,manual,149039
Vireo olivaceus,Vireo olivaceus,AVIBASE-847717E2,10/1/2022,2487430,3558168,3558138,https://www.gbif.org/occurrence/download?has_coordinate=true&has_geospatial_issue=false&taxon_key=2487430&occurrence_status=present,manual,1143000
Vireo gilvus,Vireo gilvus,AVIBASE-66AA469C,10/1/2022,2487446,2171332,2171027,https://www.gbif.org/occurrence/download?has_coordinate=true&has_geospatial_issue=false&taxon_key=2487446&occurrence_status=present,manual,1042479
Vireo flavifrons,Vireo flavifrons,AVIBASE-F8DDF6A6,10/1/2022,2487453,780499,780477,https://www.gbif.org/occurrence/download?has_coordinate=true&has_geospatial_issue=false&taxon_key=2487453&occurrence_status=present,manual,545195
Vireo solitarius,Vireo solitarius,AVIBASE-95DB0943,10/1/2022,2487456,1079156,1079140,https://www.gbif.org/occurrence/download?has_coordinate=true&has_geospatial_issue=false&taxon_key=2487456&occurrence_status=present,manual,467229
Vireo cassinii,Vireo cassinii,AVIBASE-EB0CD5DC,10/1/2022,9552291,204751,204576,https://www.gbif.org/occurrence/download?has_coordinate=true&has_geospatial_issue=false&taxon_key=9552291&occurrence_status=present,manual,83643
Vireo plumbeus,Vireo plumbeus,AVIBASE-1BB9C864,10/1/2022,9353154,164951,164827,https://www.gbif.org/occurrence/download?has_coordinate=true&has_geospatial_issue=false&taxon_key=9353154&occurrence_status=present,manual,116104
Vireo griseus,Vireo griseus,AVIBASE-D97F93CC,10/1/2022,2487413,1543075,1543017,https://www.gbif.org/occurrence/download?has_coordinate=true&has_geospatial_issue=false&taxon_key=2487413&occurrence_status=present,manual,760000
Vireo huttoni,Vireo huttoni,AVIBASE-1BDF5C00,10/1/2022,9722986,446492,446376,https://www.gbif.org/occurrence/download?has_coordinate=true&has_geospatial_issue=false&taxon_key=9722986&occurrence_status=present,manual,36716
Vireo bellii,Vireo bellii,AVIBASE-C3168495,10/1/2022,2487441,271588,271558,https://www.gbif.org/occurrence/download?has_coordinate=true&has_geospatial_issue=false&taxon_key=2487441&occurrence_status=present,manual,202315
Mniotilta varia,Mniotilta varia,AVIBASE-4D207AF6,9/28/2022,2489613,2173641,2173559,https://www.gbif.org/occurrence/download?has_coordinate=true&has_geospatial_issue=false&taxon_key=2489613&occurrence_status=present,manual,772042
Protonotaria citrea,Protonotaria citrea,AVIBASE-4D08EE7E,9/30/2022,2489871,406082,406040,https://www.gbif.org/occurrence/download?has_coordinate=true&has_geospatial_issue=false&taxon_key=2489871&occurrence_status=present,manual,267734
Leiothlypis luciae,Vermivora luciae,AVIBASE-E8EB3C96,9/28/2022,8293756,155448,155434,https://www.gbif.org/occurrence/download?has_coordinate=true&has_geospatial_issue=false&taxon_key=8293756&occurrence_status=present,manual,53976
Leiothlypis ruficapilla,Vermivora ruficapilla,AVIBASE-183E5F90,9/28/2022,7531611,1188496,1188400,https://www.gbif.org/occurrence/download?has_coordinate=true&has_geospatial_issue=false&taxon_key=7531611&occurrence_status=present,manual,661141
Leiothlypis celata,Vermivora celata,AVIBASE-FFF61080,9/28/2022,8169649,1920123,1919933,https://www.gbif.org/occurrence/download?has_coordinate=true&has_geospatial_issue=false&taxon_key=8169649&occurrence_status=present,manual,837475
Leiothlypis peregrina,Vermivora peregrina,AVIBASE-D204A930,9/28/2022,7415507,929894,929791,https://www.gbif.org/occurrence/download?has_coordinate=true&has_geospatial_issue=false&taxon_key=7415507&occurrence_status=present,manual,316314
Setophaga americana,Parula americana,AVIBASE-41062654,9/30/2022,6093345,1847271,1847229,https://www.gbif.org/occurrence/download?has_coordinate=true&has_geospatial_issue=false&taxon_key=6093345&occurrence_status=present,manual,690433
Setophaga petechia,Dendroica aestiva,AVIBASE-A6C0C4A9,9/30/2022,7341834,4353769,4353049,https://www.gbif.org/occurrence/download?has_coordinate=true&has_geospatial_issue=false&taxon_key=7341834&occurrence_status=present,manual,1943374
Setophaga petechia,Dendroica petechia,AVIBASE-A6C0C4A9,9/30/2022,7341834,4353769,4353049,https://www.gbif.org/occurrence/download?has_coordinate=true&has_geospatial_issue=false&taxon_key=7341834&occurrence_status=present,manual,1943374
Setophaga caerulescens,Dendroica caerulescens,AVIBASE-67B455A7,9/30/2022,7341828,802118,802074,https://www.gbif.org/occurrence/download?has_coordinate=true&has_geospatial_issue=false&taxon_key=7341828&occurrence_status=present,manual,636996
Setophaga coronata coronata,Dendroica coronata,AVIBASE-524C7116,9/24/2022,7341806,8394,8392,NA,code,6320
Setophaga coronata audoboni,Dendroica coronata,NA,NA,NA,NA,NA,NA,NA,NA
Setophaga magnolia,Dendroica magnolia,AVIBASE-1E82CE1E,9/30/2022,6093209,1280105,1280023,https://www.gbif.org/occurrence/download?has_coordinate=true&has_geospatial_issue=false&taxon_key=6093209&occurrence_status=present,manual,402853
Setophaga pensylvanica,Dendroica pensylvanica,AVIBASE-7AB1229B,9/30/2022,6092942,1238082,1238016,https://www.gbif.org/occurrence/download?has_coordinate=true&has_geospatial_issue=false&taxon_key=6092942&occurrence_status=present,manual,561022
Setophaga striata,Dendroica striata,AVIBASE-544A5E6B,9/30/2022,6092935,724781,724686,https://www.gbif.org/occurrence/download?has_coordinate=true&has_geospatial_issue=false&taxon_key=6092935&occurrence_status=present,manual,138411
Setophaga fusca,Dendroica fusca,AVIBASE-4168AF09,9/30/2022,6093199,746928,746873,https://www.gbif.org/occurrence/download?has_coordinate=true&has_geospatial_issue=false&taxon_key=6093199&occurrence_status=present,manual,226563
Setophaga dominica,Dendroica dominica,AVIBASE-136451CF,9/30/2022,7341800,605052,605030,https://www.gbif.org/occurrence/download?has_coordinate=true&has_geospatial_issue=false&taxon_key=7341800&occurrence_status=present,manual,284019
Setophaga nigrescens,Dendroica nigrescens,AVIBASE-6B7A93C5,9/30/2022,7341770,387885,387714,https://www.gbif.org/occurrence/download?has_coordinate=true&has_geospatial_issue=false&taxon_key=7341770&occurrence_status=present,manual,83312
Setophaga virens,Dendroica virens,AVIBASE-9FFEDE99,9/30/2022,6092631,1406154,1406091,https://www.gbif.org/occurrence/download?has_coordinate=true&has_geospatial_issue=false&taxon_key=6092631&occurrence_status=present,manual,714666
Setophaga townsendi,Dendroica townsendi,AVIBASE-F6C6C3F7,9/30/2022,6092651,601085,600974,https://www.gbif.org/occurrence/download?has_coordinate=true&has_geospatial_issue=false&taxon_key=6092651&occurrence_status=present,manual,143297
Setophaga occidentalis,Dendroica occidentalis,AVIBASE-0EB07C12,9/30/2022,6092644,147404,147369,https://www.gbif.org/occurrence/download?has_coordinate=true&has_geospatial_issue=false&taxon_key=6092644&occurrence_status=present,manual,113633
Setophaga pinus,Dendroica pinus,AVIBASE-6283E61E,9/30/2022,7341816,1823843,1823816,https://www.gbif.org/occurrence/download?has_coordinate=true&has_geospatial_issue=false&taxon_key=7341816&occurrence_status=present,manual,823302
Setophaga discolor,Dendroica discolor,AVIBASE-E36325FA,9/30/2022,7341789,578726,578282,https://www.gbif.org/occurrence/download?has_coordinate=true&has_geospatial_issue=false&taxon_key=7341789&occurrence_status=present,manual,244049
Seiurus aurocapilla,Seiurus aurocapilla,AVIBASE-CEA5B6AA,9/30/2022,2489590,1797262,1797118,https://www.gbif.org/occurrence/download?has_coordinate=true&has_geospatial_issue=false&taxon_key=2489590&occurrence_status=present,manual,818021
Parkesia noveboracensis,Seiurus noveboracensis,AVIBASE-709AF716,9/28/2022,6093856,903861,903739,https://www.gbif.org/occurrence/download?has_coordinate=true&has_geospatial_issue=false&taxon_key=6093856&occurrence_status=present,manual,435685
Parkesia motacilla,Seiurus motacilla,AVIBASE-7AB0F3A4,9/28/2022,6093862,400110,400065,https://www.gbif.org/occurrence/download?has_coordinate=true&has_geospatial_issue=false&taxon_key=6093862&occurrence_status=present,manual,319814
Geothlypis formosa,Oporornis formosus,AVIBASE-8C105C3C,9/27/2022,6093586,210577,210529,https://www.gbif.org/occurrence/download?has_coordinate=true&has_geospatial_issue=false&taxon_key=6093586&occurrence_status=present,manual,70669
Geothlypis philadelphia,Oporornis philadelphia,AVIBASE-1A0096F2,9/27/2022,5789148,231887,231849,https://www.gbif.org/occurrence/download?has_coordinate=true&has_geospatial_issue=false&taxon_key=5789148&occurrence_status=present,manual,196015
Geothlypis tolmiei,Oporornis tolmiei,AVIBASE-85106518,9/27/2022,5789146,320910,320699,https://www.gbif.org/occurrence/download?has_coordinate=true&has_geospatial_issue=false&taxon_key=5789146&occurrence_status=present,manual,128808
Geothlypis trichas,Geothlypis trichas,AVIBASE-BA4C8A02,9/28/2022,2489670,5410321,5409658,https://www.gbif.org/occurrence/download?has_coordinate=true&has_geospatial_issue=false&taxon_key=2489670&occurrence_status=present,manual,2421042
Icteria virens,Icteria virens,AVIBASE-734C73A9,9/28/2022,2489989,624798,624690,https://www.gbif.org/occurrence/search?has_coordinate=true&has_geospatial_issue=false&taxon_key=2489989&occurrence_status=present,manual,406211
Setophaga citrina,Wilsonia citrina,AVIBASE-15EB3000,9/30/2022,6093374,572096,572038,https://www.gbif.org/occurrence/download?has_coordinate=true&has_geospatial_issue=false&taxon_key=6093374&occurrence_status=present,manual,307890
Cardellina pusilla,Wilsonia pusilla,AVIBASE-1F09CCCC,9/26/2022,7341606,1471122,1470882,https://www.gbif.org/occurrence/download?has_coordinate=true&has_geospatial_issue=false&taxon_key=7341606&occurrence_status=present,manual,820273
Setophaga ruticilla,Setophaga ruticilla,AVIBASE-BED38F50,9/30/2022,2489985,2530451,2530332,https://www.gbif.org/occurrence/download?has_coordinate=true&has_geospatial_issue=false&taxon_key=2489985&occurrence_status=present,manual,1206564
Passer domesticus,Passer domesticus,AVIBASE-240E3390,9/28/2022,5231190,15401834,15387842,https://www.gbif.org/occurrence/download?has_coordinate=true&has_geospatial_issue=false&taxon_key=5231190&occurrence_status=present,manual,6534891
Anthus spragueii,Anthus spragueii,AVIBASE-BF380B5D,9/24/2022,2490268,28901,28895,NA,code,26869
Oreoscoptes montanus,Oreoscoptes montanus,AVIBASE-F6DF700B,9/28/2022,2494973,111893,111853,https://www.gbif.org/occurrence/download?has_coordinate=true&has_geospatial_issue=false&taxon_key=2494973&occurrence_status=present,manual,108897
Mimus polyglottos,Mimus polyglottos,AVIBASE-7EFF698D,9/28/2022,5231677,7546362,7546273,https://www.gbif.org/occurrence/download?has_coordinate=true&has_geospatial_issue=false&taxon_key=5231677&occurrence_status=present,manual,3212742
Dumetella carolinensis,Dumetella carolinensis,AVIBASE-95B77F08,9/27/2022,2494936,5847240,5847123,https://www.gbif.org/occurrence/download?has_coordinate=true&has_geospatial_issue=false&taxon_key=2494936&occurrence_status=present,manual,2533716
Toxostoma rufum,Toxostoma rufum,AVIBASE-C8F9F2D0,10/1/2022,9479809,2349248,2349225,https://www.gbif.org/occurrence/download?has_coordinate=true&has_geospatial_issue=false&taxon_key=9479809&occurrence_status=present,manual,1360753
Campylorhynchus brunneicapillus,Campylorhynchus brunneicapillus,AVIBASE-891F222F,9/26/2022,5231474,361260,361195,https://www.gbif.org/occurrence/download?has_coordinate=true&has_geospatial_issue=false&taxon_key=5231474&occurrence_status=present,manual,321488
Salpinctes obsoletus,Salpinctes obsoletus,AVIBASE-76DF73A9,9/30/2022,5231483,340053,339959,https://www.gbif.org/occurrence/download?has_coordinate=true&has_geospatial_issue=false&taxon_key=5231483&occurrence_status=present,manual,295736
Thryothorus ludovicianus,Thryothorus ludovicianus,AVIBASE-0B70AD86,10/1/2022,2493801,7635694,7635710,https://www.gbif.org/occurrence/download?has_coordinate=true&has_geospatial_issue=false&taxon_key=2493801&occurrence_status=present,manual,3647740
Thryomanes bewickii,Thryomanes bewickii,AVIBASE-603194D3,10/1/2022,2493843,2088615,2088584,https://www.gbif.org/occurrence/download?has_coordinate=true&has_geospatial_issue=false&taxon_key=2493843&occurrence_status=present,manual,1147954
Troglodytes aedon,Troglodytes aedon,AVIBASE-A381417F,10/1/2022,5231459,4977052,4976676,https://www.gbif.org/occurrence/download?has_coordinate=true&has_geospatial_issue=false&taxon_key=5231459&occurrence_status=present,manual,2586907
Troglodytes pacificus,Troglodytes troglodytes,AVIBASE-CF5B7A9D,10/1/2022,9533566,558892,558822,https://www.gbif.org/occurrence/download?has_coordinate=true&has_geospatial_issue=false&taxon_key=9533566&occurrence_status=present,manual,125502
Troglodytes hiemalis,Troglodytes troglodytes,AVIBASE-C757BD95,10/1/2022,7340825,756164,756160,https://www.gbif.org/occurrence/download?has_coordinate=true&has_geospatial_issue=false&taxon_key=7340825&occurrence_status=present,manual,357668
Cistothorus platensis,Cistothorus platensis,AVIBASE-CB4C1514,9/27/2022,2493890,262627,262602,https://www.gbif.org/occurrence/download?has_coordinate=true&has_geospatial_issue=false&taxon_key=2493890&occurrence_status=present,manual,121250
Cistothorus palustris,Cistothorus palustris,AVIBASE-787E0536,9/27/2022,2493863,1375445,1375394,https://www.gbif.org/occurrence/download?has_coordinate=true&has_geospatial_issue=false&taxon_key=2493863&occurrence_status=present,manual,1067315
Certhia americana,Certhia americana,AVIBASE-BAC33609,9/26/2022,9581157,1866706,1866250,https://www.gbif.org/occurrence/download?has_coordinate=true&has_geospatial_issue=false&taxon_key=9581157&occurrence_status=present,manual,945149
Sitta carolinensis,Sitta carolinensis,AVIBASE-19CCBBD2,9/30/2022,2484892,8983078,8982803,https://www.gbif.org/occurrence/download?has_coordinate=true&has_geospatial_issue=false&taxon_key=2484892&occurrence_status=present,manual,5046259
Sitta canadensis,Sitta canadensis,AVIBASE-0716A71C,9/30/2022,2484879,3792319,3791959,https://www.gbif.org/occurrence/download?has_coordinate=true&has_geospatial_issue=false&taxon_key=2484879&occurrence_status=present,manual,1765880
Sitta pusilla,Sitta pusilla,AVIBASE-AD7F307B,9/30/2022,2484904,658278,658266,https://www.gbif.org/occurrence/download?has_coordinate=true&has_geospatial_issue=false&taxon_key=2484904&occurrence_status=present,manual,521882
Baeolophus bicolor,Baeolophus bicolor,AVIBASE-B488AB70,9/26/2022,2487887,8164703,8164668,https://www.gbif.org/occurrence/download?has_coordinate=true&has_geospatial_issue=false&taxon_key=2487887&occurrence_status=present,manual,4038416
Baeolophus bicolor / atricristatus,Baeolophus bicolor,NA,NA,NA,NA,NA,NA,NA,NA
Baeolophus atricristatus,Baeolophus atricristatus,AVIBASE-66698D9B,9/26/2022,2487919,398638,398637,https://www.gbif.org/occurrence/download?has_coordinate=true&has_geospatial_issue=false&taxon_key=2487919&occurrence_status=present,manual,358827
Baeolophus ridgwayi,Baeolophus ridgwayi,AVIBASE-E366AB90,9/24/2022,2487898,90574,90520,NA,code,89419
Poecile atricapillus,Parus atricapillus,AVIBASE-B1F0CC82,9/29/2022,2487805,11915794,11915647,https://www.gbif.org/occurrence/download?has_coordinate=true&has_geospatial_issue=false&taxon_key=2487805&occurrence_status=present,manual,5175609
Poecile carolinensis,Parus carolinensis,AVIBASE-F941AAD3,9/29/2022,2487844,5399545,5399507,https://www.gbif.org/occurrence/download?has_coordinate=true&has_geospatial_issue=false&taxon_key=2487844&occurrence_status=present,manual,2461572
Poecile gambeli,Parus gambeli,AVIBASE-DE0971C1,9/29/2022,2487825,918400,917781,https://www.gbif.org/occurrence/download?has_coordinate=true&has_geospatial_issue=false&taxon_key=2487825&occurrence_status=present,manual,725146
Poecile rufescens,Parus rufescens,AVIBASE-FF592882,9/29/2022,2487783,1308993,1308919,https://www.gbif.org/occurrence/download?has_coordinate=true&has_geospatial_issue=false&taxon_key=2487783&occurrence_status=present,manual,515045
Psaltriparus minimus,Psaltriparus minimus,AVIBASE-AE37ED4D,9/30/2022,2494988,1636445,1636094,https://www.gbif.org/occurrence/download?has_coordinate=true&has_geospatial_issue=false&taxon_key=2494988&occurrence_status=present,manual,734130
Auriparus flaviceps,Auriparus flaviceps,AVIBASE-A5EFA84D,9/26/2022,2487397,639247,639197,https://www.gbif.org/occurrence/download?has_coordinate=true&has_geospatial_issue=false&taxon_key=2487397&occurrence_status=present,manual,275872
Regulus satrapa,Regulus satrapa,AVIBASE-154BCCAE,10/3/2022,2484591,2221810,2221460,https://www.gbif.org/occurrence/download?has_coordinate=true&has_geospatial_issue=false&taxon_key=2484591&occurrence_status=present,manual,1125761
Regulus calendula,Regulus calendula,AVIBASE-B60B1166,9/30/2022,2484597,4711435,4711151,https://www.gbif.org/occurrence/download?has_coordinate=true&has_geospatial_issue=false&taxon_key=2484597&occurrence_status=present,manual,2102647
Polioptila caerulea,Polioptila caerulea,AVIBASE-A15C5071,9/29/2022,2487596,3467961,3467794,https://www.gbif.org/occurrence/download?has_coordinate=true&has_geospatial_issue=false&taxon_key=2487596&occurrence_status=present,manual,1706983
Polioptila melanura,Polioptila melanura,AVIBASE-C05CE29C,9/30/2022,2487586,183770,183704,https://www.gbif.org/occurrence/download?has_coordinate=true&has_geospatial_issue=false&taxon_key=2487586&occurrence_status=present,manual,159084
Myadestes townsendi,Myadestes townsendi,AVIBASE-5459228D,9/28/2022,2490849,351648,351548,https://www.gbif.org/occurrence/download?has_coordinate=true&has_geospatial_issue=false&taxon_key=2490849&occurrence_status=present,manual,154654
Hylocichla mustelina,Hylocichla mustelina,AVIBASE-8E1D9327,9/28/2022,2490872,1441728,1441663,https://www.gbif.org/occurrence/download?has_coordinate=true&has_geospatial_issue=false&taxon_key=2490872&occurrence_status=present,manual,882772
Catharus fuscescens,Catharus fuscescens,AVIBASE-0B8F4EE6,9/26/2022,2490804,930848,930794,https://www.gbif.org/occurrence/download?has_coordinate=true&has_geospatial_issue=false&taxon_key=2490804&occurrence_status=present,manual,442001
Catharus ustulatus,Catharus ustulatus,AVIBASE-B066CD21,9/26/2022,2490821,1576102,1575778,https://www.gbif.org/occurrence/download?has_coordinate=true&has_geospatial_issue=false&taxon_key=2490821&occurrence_status=present,manual,575076
Catharus guttatus,Catharus guttatus,AVIBASE-B01E8BD4,9/26/2022,2490810,2196317,2196023,https://www.gbif.org/occurrence/download?has_coordinate=true&has_geospatial_issue=false&taxon_key=2490810&occurrence_status=present,manual,1071639
Turdus migratorius,Turdus migratorius,AVIBASE-7738F2BC,10/1/2022,9510564,18211466,18211231,https://www.gbif.org/occurrence/download?has_coordinate=true&has_geospatial_issue=false&taxon_key=9510564&occurrence_status=present,manual,7797442
Ixoreus naevius,Zoothera naevia,AVIBASE-58312873,9/28/2022,2490926,474238,474182,https://www.gbif.org/occurrence/download?has_coordinate=true&has_geospatial_issue=false&taxon_key=2490926&occurrence_status=present,manual,38404
Sialia sialis,Sialia sialis,AVIBASE-A8347C7D,9/30/2022,2490941,4893981,4893906,https://www.gbif.org/occurrence/download?has_coordinate=true&has_geospatial_issue=false&taxon_key=2490941&occurrence_status=present,manual,2450264
Sialia mexicana,Sialia mexicana,AVIBASE-AC2B812A,9/30/2022,2490936,1018548,1018446,https://www.gbif.org/occurrence/download?has_coordinate=true&has_geospatial_issue=false&taxon_key=2490936&occurrence_status=present,manual,984741
Sialia currucoides,Sialia currucoides,AVIBASE-97B870B4,9/30/2022,2490935,380949,380825,https://www.gbif.org/occurrence/download?has_coordinate=true&has_geospatial_issue=false&taxon_key=2490935&occurrence_status=present,manual,342173
Streptopelia decaocto,Streptopelia decaocto,AVIBASE-0C1EFC9B,10/3/2022,2495696,5431814,5415476,https://www.gbif.org/occurrence/download?has_coordinate=true&has_geospatial_issue=false&taxon_key=2495696&occurrence_status=present,manual,2518139
