"AOU","fLU_ab","fLU_pr","fLU_tas","Diet.5Cat","IUCN_status","tail","ORDER","Family","Genus","Species","English_Common_Name","ScientificName","BirdTreeName","comments"
60,0.070063694,0.772641021,-0.888111888,"Invertebrate","LC","LT","Podicipediformes","Podicipedidae","Podilymbus","podiceps","Pied-billed Grebe","Podilymbus podiceps","Podilymbus podiceps",""
70,-1,-0.217726397,-0.539393939,"VertFishScav","LC","UT","Gaviiformes","Gaviidae","Gavia","immer","Common Loon","Gavia immer","Gavia immer",""
540,0.708108108,0.189521302,0.447988904,"VertFishScav","LC","LT","Charadriiformes","Laridae","Larus","delawarensis","Ring-billed Gull","Larus delawarensis","Larus delawarensis",""
770,1,0.68866146,-1,"VertFishScav","LC","LT","Charadriiformes","Laridae","Chlidonias","niger","Black Tern","Chlidonias niger","Chlidonias niger",""
1250,1,0.502902375,-0.924528302,"VertFishScav","LC","LT","Pelecaniformes","Pelecanidae","Pelecanus","erythrorhynchos","American White Pelican","Pelecanus erythrorhynchos","Pelecanus erythrorhynchos",""
1320,0.290780142,0.199898999,-0.113980514,"Omnivore","LC","LT","Anseriformes","Anatidae","Anas","platyrhynchos","Mallard","Anas platyrhynchos","Anas platyrhynchos",""
1350,0.689133425,0.473539573,-0.759794477,"PlantSeed","LC","LT","Anseriformes","Anatidae","Mareca","strepera","Gadwall","Mareca strepera","Anas strepera",""
1400,0.459637562,0.912851556,-0.806640625,"PlantSeed","LC","LT","Anseriformes","Anatidae","Spatula","discors","Blue-winged Teal","Spatula discors","Anas discors",""
1410,1,-1,0.677419355,"PlantSeed","LC","LT","Anseriformes","Anatidae","Spatula","cyanoptera","Cinnamon Teal","Spatula cyanoptera","Anas cyanoptera",""
1420,0.156398104,0.489056604,-0.62195122,"Invertebrate","LC","LT","Anseriformes","Anatidae","Spatula","clypeata","Northern Shoveler","Spatula clypeata","Anas clypeata",""
1430,-0.053521127,0.645165727,-0.738035264,"PlantSeed","LC","UT","Anseriformes","Anatidae","Anas","acuta","Northern Pintail","Anas acuta","Anas acuta",""
1460,1,0.568290353,-1,"PlantSeed","LC","LT","Anseriformes","Anatidae","Aythya","americana","Redhead","Aythya americana","Aythya americana",""
1720,0.311608961,-0.655353234,0.496397695,"PlantSeed","LC","LT","Anseriformes","Anatidae","Branta","canadensis","Canada Goose","Branta canadensis","Branta canadensis",""
1810,-1,-1,1,"PlantSeed","LC","UT","Anseriformes","Anatidae","Cygnus","buccinator","Trumpeter Swan","Cygnus buccinator","Cygnus buccinator",""
1840,1,0.375922627,-0.13961039,"VertFishScav","LC","LT","Pelecaniformes","Threskiornithidae","Eudocimus","albus","White Ibis","Eudocimus albus","Eudocimus albus",""
1940,-0.497942387,-0.015630551,0.468917882,"VertFishScav","LC","UT","Pelecaniformes","Ardeidae","Ardea","herodias","Great Blue Heron","Ardea herodias","Ardea herodias",""
1960,-1,0.520298047,-0.386939571,"VertFishScav","LC","UT","Pelecaniformes","Ardeidae","Ardea","alba","Great Egret","Ardea alba","Casmerodius albus",""
2001,-0.178247734,0.821644263,-0.280242877,"Invertebrate","LC","UT","Pelecaniformes","Ardeidae","Bubulcus","ibis","Cattle Egret","Bubulcus ibis","Bubulcus ibis",""
2010,0.306930693,-0.612200436,0.392739274,"VertFishScav","LC","LT","Pelecaniformes","Ardeidae","Butorides","virescens","Green Heron","Butorides virescens","Butorides virescens",""
2060,0.215686275,0.479886639,0.369411765,"Omnivore","LC","LT","Gruiformes","Gruidae","Antigone","canadensis","Sandhill Crane","Antigone canadensis","Grus canadensis",""
2140,0.665306122,0.530645886,-0.248730964,"PlantSeed","LC","LT","Gruiformes","Rallidae","Porzana","carolina","Sora","Porzana carolina","Porzana carolina",""
2210,1,0.904230191,-0.961538462,"PlantSeed","LC","LT","Gruiformes","Rallidae","Fulica","americana","American Coot","Fulica americana","Fulica americana",""
2240,1,0.481563016,-1,"Invertebrate","LC","LT","Charadriiformes","Scolopacidae","Phalaropus","tricolor","Wilson's Phalarope","Phalaropus tricolor","Steganopus tricolor","manual"
2300,0.304066543,0.291179996,0.196328264,"Invertebrate","LC","LT","Charadriiformes","Scolopacidae","Gallinago","delicata","Wilson's Snipe","Gallinago delicata","Gallinago gallinago",""
2490,-1,0.192755672,-0.905333333,"Invertebrate","LC","UT","Charadriiformes","Scolopacidae","Limosa","fedoa","Marbled Godwit","Limosa fedoa","Limosa fedoa",""
2580,1,-0.264190981,-0.637621024,"Invertebrate","LC","LT","Charadriiformes","Scolopacidae","Tringa","semipalmata","Willet","Tringa semipalmata","Catoptrophorus semipalmatus",""
2610,0.224806202,0.649289895,-0.702772964,"Invertebrate","LC","LT","Charadriiformes","Scolopacidae","Bartramia","longicauda","Upland Sandpiper","Bartramia longicauda","Bartramia longicauda",""
2640,-1,-0.162913907,0.326057299,"Invertebrate","LC","UT","Charadriiformes","Scolopacidae","Numenius","americanus","Long-billed Curlew","Numenius americanus","Numenius americanus",""
2730,0.082742892,-0.16119319,0.583069305,"Invertebrate","LC","LT","Charadriiformes","Charadriidae","Charadrius","vociferus","Killdeer","Charadrius vociferus","Charadrius vociferus",""
2890,-0.121818799,-0.057701753,0.487923007,"PlantSeed","NT","UT","Galliformes","Odontophoridae","Colinus","virginianus","Northern Bobwhite","Colinus virginianus","Colinus virginianus",""
2920,1,-0.791065776,0.715504979,"PlantSeed","LC","LT","Galliformes","Odontophoridae","Oreortyx","pictus","Mountain Quail","Oreortyx pictus","Oreortyx pictus",""
2930,0.2934338,0.368362473,-0.037488285,"PlantSeed","LC","LT","Galliformes","Odontophoridae","Callipepla","squamata","Scaled Quail","Callipepla squamata","Callipepla squamata",""
2940,0.251761104,-0.172603932,-0.21771585,"PlantSeed","LC","LT","Galliformes","Odontophoridae","Callipepla","californica","California Quail","Callipepla californica","Callipepla californica",""
2950,0.175592625,0.776129494,0.217802503,"PlantSeed","LC","LT","Galliformes","Odontophoridae","Callipepla","gambelii","Gambel's Quail","Callipepla gambelii","Callipepla gambelii",""
3091,-0.292940281,0.274533305,0.24496052,"PlantSeed","LC","UT","Galliformes","Phasianidae","Phasianus","colchicus","Ring-necked Pheasant","Phasianus colchicus","Phasianus colchicus",""
3120,0.548387097,-0.512235587,-0.331416247,"PlantSeed","LC","LT","Columbiformes","Columbidae","Patagioenas","fasciata","Band-tailed Pigeon","Patagioenas fasciata","Patagioenas fasciata",""
3131,-0.156383629,-0.311069707,0.58180531,"PlantSeed","LC","UT","Columbiformes","Columbidae","Columba","livia","Rock Pigeon","Columba livia","Columba livia",""
3160,-0.066147296,-0.386113595,0.467539215,"PlantSeed","LC","UT","Columbiformes","Columbidae","Zenaida","macroura","Mourning Dove","Zenaida macroura","Zenaida macroura",""
3190,-0.629139073,0.675239834,0.151294498,"PlantSeed","LC","UT","Columbiformes","Columbidae","Zenaida","asiatica","White-winged Dove","Zenaida asiatica","Zenaida asiatica",""
3200,-0.579158317,0.906100478,-0.226199543,"Omnivore","LC","UT","Columbiformes","Columbidae","Columbina","passerina","Common Ground Dove","Columbina passerina","Columbina passerina",""
3250,-0.205676676,-0.326461932,0.208332248,"VertFishScav","LC","UT","Cathartiformes","Cathartidae","Cathartes","aura","Turkey Vulture","Cathartes aura","Cathartes aura",""
3260,-1,0.437674384,-0.748090027,"VertFishScav","LC","UT","Cathartiformes","Cathartidae","Coragyps","atratus","Black Vulture","Coragyps atratus","Coragyps atratus",""
3310,-1,0.955103472,-0.873015873,"VertFishScav","LC","UT","Accipitriformes","Accipitridae","Circus","hudsonius","Northern Harrier","Circus hudsonius","Circus cyaneus",""
3370,-0.095496894,0.110668156,0.15901733,"VertFishScav","LC","UT","Accipitriformes","Accipitridae","Buteo","jamaicensis","Red-tailed Hawk","Buteo jamaicensis","Buteo jamaicensis",""
3390,0.04518664,0.632702974,-0.432848965,"VertFishScav","LC","LT","Accipitriformes","Accipitridae","Buteo","lineatus","Red-shouldered Hawk","Buteo lineatus","Buteo lineatus",""
3420,-0.793103448,0.58758497,0.119561494,"VertFishScav","LC","UT","Accipitriformes","Accipitridae","Buteo","swainsoni","Swainson's Hawk","Buteo swainsoni","Buteo swainsoni",""
3600,-0.340153453,-0.121200316,0.531851852,"Invertebrate","LC","UT","Falconiformes","Falconidae","Falco","sparverius","American Kestrel","Falco sparverius","Falco sparverius",""
3850,-0.302970297,1,-1,"VertFishScav","LC","UT","Cuculiformes","Cuculidae","Geococcyx","californianus","Greater Roadrunner","Geococcyx californianus","Geococcyx californianus",""
3870,-0.147153015,0.140601826,0.444952497,"Invertebrate","LC","UT","Cuculiformes","Cuculidae","Coccyzus","americanus","Yellow-billed Cuckoo","Coccyzus americanus","Coccyzus americanus",""
3930,-1,-0.494725335,0.040421793,"Invertebrate","LC","UT","Piciformes","Picidae","Dryobates","villosus","Hairy Woodpecker","Dryobates villosus","Picoides villosus","manual"
3940,0.052294377,-0.444047988,0.442896936,"Invertebrate","LC","LT","Piciformes","Picidae","Dryobates","pubescens","Downy Woodpecker","Dryobates pubescens","Picoides pubescens",""
3970,-1,0.324822695,-0.615763547,"Invertebrate","LC","UT","Piciformes","Picidae","Dryobates","nuttallii","Nuttall's Woodpecker","Dryobates nuttallii","Picoides nuttallii",""
3990,-1,-0.963386728,1,"Invertebrate","LC","UT","Piciformes","Picidae","Dryobates","albolarvatus","White-headed Woodpecker","Dryobates albolarvatus","Picoides albolarvatus","manual"
4020,-0.469927562,-0.099561563,-0.258840627,"Omnivore","LC","UT","Piciformes","Picidae","Sphyrapicus","varius","Yellow-bellied Sapsucker","Sphyrapicus varius","Sphyrapicus varius",""
4050,0.041841004,-0.301087957,0.594003365,"Invertebrate","LC","LT","Piciformes","Picidae","Dryocopus","pileatus","Pileated Woodpecker","Dryocopus pileatus","Dryocopus pileatus",""
4060,-0.088484848,-0.22642925,0.09775525,"Invertebrate","LC","UT","Piciformes","Picidae","Melanerpes","erythrocephalus","Red-headed Woodpecker","Melanerpes erythrocephalus","Melanerpes erythrocephalus",""
4070,-1,-0.670028329,-0.523360076,"PlantSeed","LC","UT","Piciformes","Picidae","Melanerpes","formicivorus","Acorn Woodpecker","Melanerpes formicivorus","Melanerpes formicivorus",""
4090,0.02827275,-0.398592912,0.621839254,"Omnivore","LC","LT","Piciformes","Picidae","Melanerpes","carolinus","Red-bellied Woodpecker","Melanerpes carolinus","Melanerpes carolinus",""
4110,0.31496063,0.894359555,0.060734463,"Omnivore","LC","LT","Piciformes","Picidae","Melanerpes","uropygialis","Gila Woodpecker","Melanerpes uropygialis","Melanerpes uropygialis",""
4120,-0.059003215,-0.787779704,0.631059338,"Invertebrate","LC","UT","Piciformes","Picidae","Colaptes","auratus auratus","(Yellow-shafted Flicker) Northern Flicker","Colaptes auratus auratus","Colaptes auratus","manual"
4130,-0.108476065,-0.212170947,0.08667967,"Invertebrate","LC","UT","Piciformes","Picidae","Colaptes","auratus cafer","(Red-shafted Flicker) Northern Flicker","Colaptes auratus cafer","Colaptes auratus","manual"
4160,-1,-0.120146284,0.717806531,"Invertebrate","NT","UT","Caprimulgiformes","Caprimulgidae","Antrostomus","carolinensis","Chuck-will's-widow","Antrostomus carolinensis","Caprimulgus carolinensis",""
4200,0.455915599,0.423121668,0.240336614,"Invertebrate","LC","LT","Caprimulgiformes","Caprimulgidae","Chordeiles","minor","Common Nighthawk","Chordeiles minor","Chordeiles minor",""
4230,0.032625531,-0.542676292,0.734170729,"Invertebrate","VU","LT","Apodiformes","Apodidae","Chaetura","pelagica","Chimney Swift","Chaetura pelagica","Chaetura pelagica",""
4280,1,0.304788019,0.57400722,"FruiNect","LC","LT","Apodiformes","Trochilidae","Archilochus","colubris","Ruby-throated Hummingbird","Archilochus colubris","Archilochus colubris",""
4320,-0.420802752,0.06642456,0.521633586,"FruiNect","LC","UT","Apodiformes","Trochilidae","Selasphorus","platycercus","Broad-tailed Hummingbird","Selasphorus platycercus","Selasphorus platycercus",""
4430,-0.267931513,0.312058035,-0.694601849,"Invertebrate","LC","UT","Passeriformes","Tyrannidae","Tyrannus","forficatus","Scissor-tailed Flycatcher","Tyrannus forficatus","Tyrannus forficatus",""
4440,0.067023694,-0.076162338,0.473174351,"Invertebrate","LC","LT","Passeriformes","Tyrannidae","Tyrannus","tyrannus","Eastern Kingbird","Tyrannus tyrannus","Tyrannus tyrannus",""
4470,-0.101692463,0.322166717,0.21289205,"Invertebrate","LC","UT","Passeriformes","Tyrannidae","Tyrannus","verticalis","Western Kingbird","Tyrannus verticalis","Tyrannus verticalis",""
4480,0.716894977,0.253091045,0.187247204,"Invertebrate","LC","LT","Passeriformes","Tyrannidae","Tyrannus","vociferans","Cassin's Kingbird","Tyrannus vociferans","Tyrannus vociferans",""
4520,0.148753385,-0.347406951,0.476615407,"Invertebrate","LC","LT","Passeriformes","Tyrannidae","Myiarchus","crinitus","Great Crested Flycatcher","Myiarchus crinitus","Myiarchus crinitus",""
4530,0.271028037,1,-0.255033557,"Invertebrate","LC","LT","Passeriformes","Tyrannidae","Myiarchus","tyrannulus","Brown-crested Flycatcher","Myiarchus tyrannulus","Myiarchus tyrannulus",""
4540,0.0199071,0.340981332,0.083802776,"Invertebrate","LC","LT","Passeriformes","Tyrannidae","Myiarchus","cinerascens","Ash-throated Flycatcher","Myiarchus cinerascens","Myiarchus cinerascens",""
4560,-0.06331887,-0.561476469,0.444319566,"Invertebrate","LC","UT","Passeriformes","Tyrannidae","Sayornis","phoebe","Eastern Phoebe","Sayornis phoebe","Sayornis phoebe",""
4570,0.749182116,0.351833225,0.403965304,"Invertebrate","LC","LT","Passeriformes","Tyrannidae","Sayornis","saya","Say's Phoebe","Sayornis saya","Sayornis saya",""
4580,-0.58891455,0.271410913,-0.149689144,"Invertebrate","LC","UT","Passeriformes","Tyrannidae","Sayornis","nigricans","Black Phoebe","Sayornis nigricans","Sayornis nigricans",""
4590,-0.495798319,-0.829608295,0.115116017,"Invertebrate","NT","UT","Passeriformes","Tyrannidae","Contopus","cooperi","Olive-sided Flycatcher","Contopus cooperi","Contopus cooperi",""
4610,-0.145988823,-0.596224745,0.63935363,"Invertebrate","LC","UT","Passeriformes","Tyrannidae","Contopus","virens","Eastern Wood-Pewee","Contopus virens","Contopus virens",""
4620,0.05129829,-0.256994946,0.101877608,"Invertebrate","LC","LT","Passeriformes","Tyrannidae","Contopus","sordidulus","Western Wood-Pewee","Contopus sordidulus","Contopus sordidulus",""
4641,0.455026455,-0.206958856,-0.585108287,"Invertebrate","LC","LT","Passeriformes","Tyrannidae","Empidonax","difficilis","Pacific-slope Flycatcher","Empidonax difficilis","Empidonax difficilis",""
4650,0.141786506,-0.807804823,0.699986341,"Invertebrate","LC","LT","Passeriformes","Tyrannidae","Empidonax","virescens","Acadian Flycatcher","Empidonax virescens","Empidonax virescens",""
4660,0.35940919,-0.183632223,-0.250692137,"Invertebrate","LC","LT","Passeriformes","Tyrannidae","Empidonax","traillii","Willow Flycatcher","Empidonax traillii","Empidonax traillii",""
4661,0.165617301,0.023991258,0.011591674,"Invertebrate","LC","LT","Passeriformes","Tyrannidae","Empidonax","alnorum","Alder Flycatcher","Empidonax alnorum","Empidonax alnorum",""
4670,-0.114154744,0.052537465,0.027080256,"Invertebrate","LC","UT","Passeriformes","Tyrannidae","Empidonax","minimus","Least Flycatcher","Empidonax minimus","Empidonax minimus",""
4680,0.530261969,-0.184291423,-0.168,"Invertebrate","LC","LT","Passeriformes","Tyrannidae","Empidonax","hammondii","Hammond's Flycatcher","Empidonax hammondii","Empidonax hammondii",""
4690,-0.648,-0.183463293,0.2911485,"Invertebrate","LC","UT","Passeriformes","Tyrannidae","Empidonax","oberholseri","Dusky Flycatcher","Empidonax oberholseri","Empidonax oberholseri",""
4740,-0.183798992,0.07984122,0.571551165,"Omnivore","LC","UT","Passeriformes","Alaudidae","Eremophila","alpestris","Horned Lark","Eremophila alpestris","Eremophila alpestris",""
4750,-0.323519572,0.107893879,0.30276654,"Omnivore","LC","UT","Passeriformes","Corvidae","Pica","hudsonia","Black-billed Magpie","Pica hudsonia","Pica hudsonia",""
4760,0.05,0.368010403,-0.340694006,"Omnivore","VU","LT","Passeriformes","Corvidae","Pica","nuttalli","Yellow-billed Magpie","Pica nuttalli","Pica nuttalli",""
4770,-0.043871449,-0.447858456,0.529240561,"Omnivore","LC","UT","Passeriformes","Corvidae","Cyanocitta","cristata","Blue Jay","Cyanocitta cristata","Cyanocitta cristata",""
4780,0.330687747,-0.452943083,-0.084717476,"Omnivore","LC","LT","Passeriformes","Corvidae","Cyanocitta","stelleri","Steller's Jay","Cyanocitta stelleri","Cyanocitta stelleri",""
4812,0.024128686,-0.306851424,-0.431978459,"Omnivore","NT","LT","Passeriformes","Corvidae","Aphelocoma","californica","California Scrub-Jay","Aphelocoma californica","Aphelocoma californica",""
4813,0.518796992,0.563676987,-0.303614458,"Omnivore","LC","LT","Passeriformes","Corvidae","Aphelocoma","woodhouseii","Woodhouse's Scrub-Jay","Aphelocoma woodhouseii","Aphelocoma californica","manual (BL-eBird)"
4840,0.733050847,0.103390069,0.973924381,"Omnivore","LC","LT","Passeriformes","Corvidae","Perisoreus","canadensis","Canada Jay","Perisoreus canadensis","Perisoreus canadensis",""
4860,-0.383561644,0.054911436,0.100124831,"VertFishScav","LC","UT","Passeriformes","Corvidae","Corvus","corax","Common Raven","Corvus corax","Corvus corax",""
4870,-0.179166667,0.714131024,-0.006419753,"Omnivore","LC","UT","Passeriformes","Corvidae","Corvus","cryptoleucus","Chihuahuan Raven","Corvus cryptoleucus","Corvus cryptoleucus",""
4880,0.196683585,-0.442262465,0.464231422,"Omnivore","LC","LT","Passeriformes","Corvidae","Corvus","brachyrhynchos","American Crow","Corvus brachyrhynchos","Corvus brachyrhynchos",""
4881,1,-0.937519332,0.532258065,"Omnivore","LC","LT","Passeriformes","Corvidae","Corvus","brachyrhynchos / ossifragus","unid. American Crow / Fish Crow","Corvus brachyrhynchos / ossifragus","Corvus ossifragus","manual (possible sp)"
4900,-0.271472393,-0.197203562,0.390299479,"Omnivore","LC","UT","Passeriformes","Corvidae","Corvus","ossifragus","Fish Crow","Corvus ossifragus","Corvus ossifragus",""
4910,-1,1,0.868131868,"Omnivore","LC","UT","Passeriformes","Corvidae","Nucifraga","columbiana","Clark's Nutcracker","Nucifraga columbiana","Nucifraga columbiana",""
4920,0.564575646,0.28005538,0.4775,"Omnivore","VU","LT","Passeriformes","Corvidae","Gymnorhinus","cyanocephalus","Pinyon Jay","Gymnorhinus cyanocephalus","Gymnorhinus cyanocephalus",""
4930,-0.10025302,-0.510106994,0.459896321,"Omnivore","LC","UT","Passeriformes","Sturnidae","Sturnus","vulgaris","European Starling","Sturnus vulgaris","Sturnus vulgaris",""
4940,-0.206469822,-0.027237141,0.207390649,"Invertebrate","LC","UT","Passeriformes","Icteridae","Dolichonyx","oryzivorus","Bobolink","Dolichonyx oryzivorus","Dolichonyx oryzivorus",""
4950,-0.031608289,-0.330845703,0.435255186,"PlantSeed","LC","UT","Passeriformes","Icteridae","Molothrus","ater","Brown-headed Cowbird","Molothrus ater","Molothrus ater",""
4970,0.16433121,0.773440046,-0.218026023,"Invertebrate","EN","LT","Passeriformes","Icteridae","Xanthocephalus","xanthocephalus","Yellow-headed Blackbird","Xanthocephalus xanthocephalus","Xanthocephalus xanthocephalus",""
4980,-0.117936027,-0.415735702,0.44865276,"Omnivore","LC","UT","Passeriformes","Icteridae","Agelaius","phoeniceus","Red-winged Blackbird","Agelaius phoeniceus","Agelaius phoeniceus",""
5010,-0.039168329,-0.330571827,0.643871679,"Invertebrate","NT","UT","Passeriformes","Icteridae","Sturnella","magna","Eastern Meadowlark","Sturnella magna","Sturnella magna",""
5011,0.132331579,0.260515713,0.370074894,"Omnivore","LC","LT","Passeriformes","Icteridae","Sturnella","neglecta","Western Meadowlark","Sturnella neglecta","Sturnella neglecta",""
5040,1,0.697838346,0.574415744,"Invertebrate","LC","LT","Passeriformes","Icteridae","Icterus","parisorum","Scott's Oriole","Icterus parisorum","Icterus parisorum",""
5060,0.063146998,-0.17931325,0.643595259,"Omnivore","LC","LT","Passeriformes","Icteridae","Icterus","spurius","Orchard Oriole","Icterus spurius","Icterus spurius",""
5070,-0.064000867,-0.476382603,0.518622261,"Invertebrate","LC","UT","Passeriformes","Icteridae","Icterus","galbula","Baltimore Oriole","Icterus galbula","Icterus galbula",""
5080,-0.009009009,-0.038217307,0.075661151,"Invertebrate","LC","UT","Passeriformes","Icteridae","Icterus","bullockii","Bullock's Oriole","Icterus bullockii","Icterus bullockii",""
5100,0.18907414,0.155750548,0.227046055,"Invertebrate","LC","LT","Passeriformes","Icteridae","Euphagus","cyanocephalus","Brewer's Blackbird","Euphagus cyanocephalus","Euphagus cyanocephalus",""
5110,-0.089298848,-0.515405063,0.555308001,"Omnivore","NT","UT","Passeriformes","Icteridae","Quiscalus","quiscula","Common Grackle","Quiscalus quiscula","Quiscalus quiscula",""
5120,-1,0.717441829,-0.316017316,"Invertebrate","LC","UT","Passeriformes","Icteridae","Quiscalus","mexicanus","Great-tailed Grackle","Quiscalus mexicanus","Quiscalus mexicanus",""
5130,-1,0.690402018,-0.686109945,"Omnivore","LC","UT","Passeriformes","Icteridae","Quiscalus","major","Boat-tailed Grackle","Quiscalus major","Quiscalus major",""
5170,-0.142405063,0.007349729,-0.563143631,"PlantSeed","LC","UT","Passeriformes","Fringillidae","Haemorhous","purpureus","Purple Finch","Haemorhous purpureus","Carpodacus purpureus",""
5180,1,0.231381467,0.476135041,"PlantSeed","LC","LT","Passeriformes","Fringillidae","Haemorhous","cassinii","Cassin's Finch","Haemorhous cassinii","Carpodacus cassinii",""
5190,0.073756103,-0.659716563,0.498446965,"PlantSeed","LC","LT","Passeriformes","Fringillidae","Haemorhous","mexicanus","House Finch","Haemorhous mexicanus","Carpodacus mexicanus",""
5210,-0.080684597,0.099378882,0.23373494,"PlantSeed","LC","UT","Passeriformes","Fringillidae","Loxia","curvirostra","Red Crossbill","Loxia curvirostra","Loxia curvirostra",""
5275,1,1,-1,"PlantSeed","LC","LT","Passeriformes","Fringillidae","Carduelis","flammea / hornemanni","unid. Common Redpoll / Hoary Redpoll","Carduelis flammea / hornemanni","Carduelis hornemanni","manual (possible sp)"
5280,0.125,-0.540337711,1,"PlantSeed","LC","LT","Passeriformes","Fringillidae","Acanthis","flammea","Common Redpoll","Acanthis flammea","Carduelis flammea",""
5280,0.125,-0.540337711,1,"PlantSeed","LC","LT","Passeriformes","Fringillidae","Acanthis","flammea","Common Redpoll","Acanthis flammea","Carduelis hornemanni",""
5290,0.071155312,-0.496221141,0.472999298,"PlantSeed","LC","LT","Passeriformes","Fringillidae","Spinus","tristis","American Goldfinch","Spinus tristis","Carduelis tristis",""
5300,-0.455445545,-0.177090737,-0.424377792,"PlantSeed","LC","UT","Passeriformes","Fringillidae","Spinus","psaltria","Lesser Goldfinch","Spinus psaltria","Carduelis psaltria",""
5330,0.220543807,-0.080543333,0.071779373,"PlantSeed","LC","LT","Passeriformes","Fringillidae","Spinus","pinus","Pine Siskin","Spinus pinus","Carduelis pinus",""
5360,1,1,-1,"Omnivore","LC","LT","Passeriformes","Calcariidae","Calcarius","lapponicus","Lapland Longspur","Calcarius lapponicus","Calcarius lapponicus",""
5380,-0.455245428,0.803602157,-0.925484352,"PlantSeed","VU","UT","Passeriformes","Calcariidae","Calcarius","ornatus","Chestnut-collared Longspur","Calcarius ornatus","Calcarius ornatus",""
5400,-0.094880225,0.344907433,0.432022858,"Omnivore","LC","UT","Passeriformes","Passerellidae","Pooecetes","gramineus","Vesper Sparrow","Pooecetes gramineus","Pooecetes gramineus",""
5420,-0.259317974,0.040654101,0.226142715,"Omnivore","LC","UT","Passeriformes","Passerellidae","Passerculus","sandwichensis","Savannah Sparrow","Passerculus sandwichensis","Passerculus sandwichensis",""
5460,0.040188484,-0.173604109,0.146642713,"Invertebrate","LC","LT","Passeriformes","Passerellidae","Ammodramus","savannarum","Grasshopper Sparrow","Ammodramus savannarum","Ammodramus savannarum",""
5480,-1,0.813842482,-0.714285714,"PlantSeed","LC","UT","Passeriformes","Passerellidae","Ammospiza","leconteii","LeConte's Sparrow","Ammospiza leconteii","Ammodramus leconteii",""
5520,0.198441558,0.245764314,0.147725145,"PlantSeed","LC","LT","Passeriformes","Passerellidae","Chondestes","grammacus","Lark Sparrow","Chondestes grammacus","Chondestes grammacus",""
5540,0.176352705,-0.36242378,-0.031487062,"PlantSeed","LC","LT","Passeriformes","Passerellidae","Zonotrichia","leucophrys","White-crowned Sparrow","Zonotrichia leucophrys","Zonotrichia leucophrys",""
5570,1,-1,0.818181818,"PlantSeed","LC","LT","Passeriformes","Passerellidae","Zonotrichia","atricapilla","Golden-crowned Sparrow","Zonotrichia atricapilla","Zonotrichia atricapilla",""
5580,-0.284677016,0.082469729,-0.01848311,"PlantSeed","LC","UT","Passeriformes","Passerellidae","Zonotrichia","albicollis","White-throated Sparrow","Zonotrichia albicollis","Zonotrichia albicollis",""
5590,1,-0.72027972,0.866666667,"Omnivore","LC","LT","Passeriformes","Passerellidae","Spizelloides","arborea","American Tree Sparrow","Spizelloides arborea","Spizella arborea","manual (BL to BT)"
5600,0.040010381,-0.521518163,0.510562725,"PlantSeed","LC","LT","Passeriformes","Passerellidae","Spizella","passerina","Chipping Sparrow","Spizella passerina","Spizella passerina",""
5610,0.046942291,0.22627934,-0.351862631,"PlantSeed","LC","LT","Passeriformes","Passerellidae","Spizella","pallida","Clay-colored Sparrow","Spizella pallida","Spizella pallida",""
5620,-0.523868568,0.30597713,0.773152256,"Omnivore","LC","UT","Passeriformes","Passerellidae","Spizella","breweri","Brewer's Sparrow","Spizella breweri","Spizella breweri",""
5630,-0.040805767,-0.664600115,0.688330222,"PlantSeed","LC","UT","Passeriformes","Passerellidae","Spizella","pusilla","Field Sparrow","Spizella pusilla","Spizella pusilla",""
5660,-1,-1,0.882352941,"PlantSeed","LC","UT","Passeriformes","Passerellidae","Junco","hyemalis aikeni","(White-winged Junco) Dark-eyed Junco","Junco hyemalis aikeni","Junco hyemalis","manual (subspecies not found)"
5670,0.453508772,-0.469003447,0.594715735,"PlantSeed","LC","LT","Passeriformes","Passerellidae","Junco","hyemalis hyemalis","(Slate-colored Junco) Dark-eyed Junco","Junco hyemalis hyemalis","Junco hyemalis","manual (subspecies not found)"
5671,-0.278678304,-0.318346665,-0.179933228,"PlantSeed","LC","UT","Passeriformes","Passerellidae","Junco","hyemalis oreganus","(Oregon Junco) Dark-eyed Junco","Junco hyemalis oreganus","Junco hyemalis","manual (subspecies not found)"
5690,-0.073722182,-0.354766748,0.323638614,"PlantSeed","LC","UT","Passeriformes","Passerellidae","Junco","hyemalis caniceps","(Gray-headed Junco) Dark-eyed Junco","Junco hyemalis caniceps","Junco hyemalis","manual (subspecies not found)"
5730,-0.294493216,0.294762735,0.323276765,"Omnivore","LC","UT","Passeriformes","Passerellidae","Amphispiza","bilineata","Black-throated Sparrow","Amphispiza bilineata","Amphispiza bilineata",""
5780,0.359725521,0.157564106,0.026929982,"Invertebrate","LC","LT","Passeriformes","Passerellidae","Peucaea","cassinii","Cassin's Sparrow","Peucaea cassinii","Aimophila cassinii",""
5810,-0.112070287,-0.498445147,0.386310453,"Omnivore","LC","UT","Passeriformes","Passerellidae","Melospiza","melodia","Song Sparrow","Melospiza melodia","Melospiza melodia",""
5830,-0.076555024,-0.213098692,0.307320699,"Omnivore","LC","UT","Passeriformes","Passerellidae","Melospiza","lincolnii","Lincoln's Sparrow","Melospiza lincolnii","Melospiza lincolnii",""
5840,-0.316087308,-0.197131593,0.107641742,"Omnivore","LC","UT","Passeriformes","Passerellidae","Melospiza","georgiana","Swamp Sparrow","Melospiza georgiana","Melospiza georgiana",""
5850,1,-0.862845651,0.767509025,"Omnivore","LC","LT","Passeriformes","Passerellidae","Passerella","iliaca","Fox Sparrow","Passerella iliaca","Passerella iliaca",""
5870,-0.01468111,-0.669339102,0.70630356,"Omnivore","LC","UT","Passeriformes","Passerellidae","Pipilo","erythrophthalmus","Eastern Towhee","Pipilo erythrophthalmus","Pipilo erythrophthalmus",""
5880,0.056189846,-0.293579731,-0.277066389,"Omnivore","LC","LT","Passeriformes","Passerellidae","Pipilo","maculatus","Spotted Towhee","Pipilo maculatus","Pipilo maculatus",""
5900,-0.182068966,-0.388437199,0.551511365,"Omnivore","LC","UT","Passeriformes","Passerellidae","Pipilo","chlorurus","Green-tailed Towhee","Pipilo chlorurus","Pipilo chlorurus",""
5910,0.318485523,0.470453504,0.441029307,"PlantSeed","LC","LT","Passeriformes","Passerellidae","Melozone","fusca","Canyon Towhee","Melozone fusca","Pipilo fuscus",""
5930,0.064244679,-0.48442226,0.565534189,"PlantSeed","LC","LT","Passeriformes","Cardinalidae","Cardinalis","cardinalis","Northern Cardinal","Cardinalis cardinalis","Cardinalis cardinalis",""
5940,-1,0.316202326,-0.250596659,"PlantSeed","LC","UT","Passeriformes","Cardinalidae","Cardinalis","sinuatus","Pyrrhuloxia","Cardinalis sinuatus","Cardinalis sinuatus",""
5950,0.046913815,-0.345796482,0.623481216,"Omnivore","LC","LT","Passeriformes","Cardinalidae","Pheucticus","ludovicianus","Rose-breasted Grosbeak","Pheucticus ludovicianus","Pheucticus ludovicianus",""
5960,-0.168173599,-0.316087303,-0.419043948,"Invertebrate","LC","UT","Passeriformes","Cardinalidae","Pheucticus","melanocephalus","Black-headed Grosbeak","Pheucticus melanocephalus","Pheucticus melanocephalus",""
5970,-0.063487738,0.051153937,0.676662395,"Omnivore","LC","UT","Passeriformes","Cardinalidae","Passerina","caerulea","Blue Grosbeak","Passerina caerulea","Passerina caerulea",""
5980,0.068416132,-0.513239594,0.676494094,"PlantSeed","LC","LT","Passeriformes","Cardinalidae","Passerina","cyanea","Indigo Bunting","Passerina cyanea","Passerina cyanea",""
5990,-0.233067729,-0.299769874,-0.526250517,"Omnivore","LC","UT","Passeriformes","Cardinalidae","Passerina","amoena","Lazuli Bunting","Passerina amoena","Passerina amoena",""
6010,0.074545455,0.182946701,-0.80952381,"PlantSeed","LC","LT","Passeriformes","Cardinalidae","Passerina","ciris","Painted Bunting","Passerina ciris","Passerina ciris",""
6040,-0.141157556,-0.150758386,0.352944479,"PlantSeed","LC","UT","Passeriformes","Cardinalidae","Spiza","americana","Dickcissel","Spiza americana","Spiza americana",""
6050,-0.424866514,0.505426481,0.808243728,"PlantSeed","LC","UT","Passeriformes","Passerellidae","Calamospiza","melanocorys","Lark Bunting","Calamospiza melanocorys","Calamospiza melanocorys",""
6070,-0.157954846,-0.27614834,-0.253131647,"Invertebrate","LC","UT","Passeriformes","Cardinalidae","Piranga","ludoviciana","Western Tanager","Piranga ludoviciana","Piranga ludoviciana",""
6080,0.127952943,-0.877414608,0.648201765,"Invertebrate","LC","LT","Passeriformes","Cardinalidae","Piranga","olivacea","Scarlet Tanager","Piranga olivacea","Piranga olivacea",""
6100,0.015480756,0.244306285,0.718725833,"Invertebrate","LC","LT","Passeriformes","Cardinalidae","Piranga","rubra","Summer Tanager","Piranga rubra","Piranga rubra",""
6110,0.407213496,0.04785145,0.522534214,"Invertebrate","LC","LT","Passeriformes","Hirundinidae","Progne","subis","Purple Martin","Progne subis","Progne subis",""
6120,0.030416823,0.265073798,0.284576271,"Invertebrate","LC","LT","Passeriformes","Hirundinidae","Petrochelidon","pyrrhonota","Cliff Swallow","Petrochelidon pyrrhonota","Petrochelidon pyrrhonota",""
6130,-0.069620116,-0.434851568,0.514856004,"Invertebrate","LC","UT","Passeriformes","Hirundinidae","Hirundo","rustica","Barn Swallow","Hirundo rustica","Hirundo rustica",""
6140,0.073580337,-0.36541718,0.159828039,"Invertebrate","LC","LT","Passeriformes","Hirundinidae","Tachycineta","bicolor","Tree Swallow","Tachycineta bicolor","Tachycineta bicolor",""
6150,0.095859992,-0.420544106,-0.204431417,"Invertebrate","LC","LT","Passeriformes","Hirundinidae","Tachycineta","thalassina","Violet-green Swallow","Tachycineta thalassina","Tachycineta thalassina",""
6160,-0.503546099,0.676677616,-0.785440613,"Invertebrate","LC","UT","Passeriformes","Hirundinidae","Riparia","riparia","Bank Swallow","Riparia riparia","Riparia riparia",""
6170,-0.259090909,-0.385145677,0.688114388,"Invertebrate","LC","UT","Passeriformes","Hirundinidae","Stelgidopteryx","serripennis","Northern Rough-winged Swallow","Stelgidopteryx serripennis","Stelgidopteryx serripennis",""
6190,0.012466277,-0.568274214,0.215891562,"FruiNect","LC","LT","Passeriformes","Bombycillidae","Bombycilla","cedrorum","Cedar Waxwing","Bombycilla cedrorum","Bombycilla cedrorum",""
6220,-0.240143369,0.585762242,0.126074499,"Invertebrate","NT","UT","Passeriformes","Laniidae","Lanius","ludovicianus","Loggerhead Shrike","Lanius ludovicianus","Lanius ludovicianus",""
6240,0.081200993,-0.569875852,0.523708437,"Invertebrate","LC","LT","Passeriformes","Vireonidae","Vireo","olivaceus","Red-eyed Vireo","Vireo olivaceus","Vireo olivaceus",""
6270,0.001789399,0.005491242,0.247534757,"Invertebrate","LC","LT","Passeriformes","Vireonidae","Vireo","gilvus","Warbling Vireo","Vireo gilvus","Vireo gilvus",""
6280,0.291420118,-0.524756639,0.786652654,"Invertebrate","LC","LT","Passeriformes","Vireonidae","Vireo","flavifrons","Yellow-throated Vireo","Vireo flavifrons","Vireo flavifrons",""
6290,-0.572519908,-0.325000991,0.241554836,"Invertebrate","LC","UT","Passeriformes","Vireonidae","Vireo","solitarius","Blue-headed Vireo","Vireo solitarius","Vireo solitarius",""
6291,0.284164859,-0.602731163,-0.282598749,"Invertebrate","LC","LT","Passeriformes","Vireonidae","Vireo","cassinii","Cassin's Vireo","Vireo cassinii","Vireo cassinii",""
6292,0.422562141,0.100811619,-0.186635945,"Invertebrate","LC","LT","Passeriformes","Vireonidae","Vireo","plumbeus","Plumbeous Vireo","Vireo plumbeus","Vireo plumbeus",""
6310,-0.081311838,0.244605961,0.465372199,"Invertebrate","LC","UT","Passeriformes","Vireonidae","Vireo","griseus","White-eyed Vireo","Vireo griseus","Vireo griseus",""
6320,-0.833333333,-0.527540048,-0.394932936,"Invertebrate","LC","UT","Passeriformes","Vireonidae","Vireo","huttoni","Hutton's Vireo","Vireo huttoni","Vireo huttoni",""
6330,-0.396551724,0.559929789,-0.398416887,"Invertebrate","LC","UT","Passeriformes","Vireonidae","Vireo","bellii","Bell's Vireo","Vireo bellii","Vireo bellii",""
6360,0.103661869,-0.276988042,-0.191495475,"Invertebrate","LC","LT","Passeriformes","Parulidae","Mniotilta","varia","Black-and-white Warbler","Mniotilta varia","Mniotilta varia",""
6370,-0.732723896,-0.140323046,0.687366167,"Invertebrate","LC","UT","Passeriformes","Parulidae","Protonotaria","citrea","Prothonotary Warbler","Protonotaria citrea","Protonotaria citrea",""
6430,1,0.51565762,-0.86,"Invertebrate","LC","LT","Passeriformes","Parulidae","Leiothlypis","luciae","Lucy's Warbler","Leiothlypis luciae","Vermivora luciae",""
6450,-0.12804878,-0.036495286,0.288705802,"Invertebrate","LC","UT","Passeriformes","Parulidae","Leiothlypis","ruficapilla","Nashville Warbler","Leiothlypis ruficapilla","Vermivora ruficapilla",""
6460,-0.004464286,-0.225950783,-0.117680339,"Invertebrate","LC","UT","Passeriformes","Parulidae","Leiothlypis","celata","Orange-crowned Warbler","Leiothlypis celata","Vermivora celata",""
6470,-1,1,-1,"Invertebrate","LC","UT","Passeriformes","Parulidae","Leiothlypis","peregrina","Tennessee Warbler","Leiothlypis peregrina","Vermivora peregrina",""
6480,0.070068545,0.115480103,0.309160654,"Invertebrate","LC","LT","Passeriformes","Parulidae","Setophaga","americana","Northern Parula","Setophaga americana","Parula americana",""
6520,-0.162204802,-0.484908857,0.339064821,"Invertebrate","LC","UT","Passeriformes","Parulidae","Setophaga","petechia","Yellow Warbler","Setophaga petechia","Dendroica petechia",""
6540,-0.666868565,-0.181383792,-0.294245385,"Invertebrate","LC","UT","Passeriformes","Parulidae","Setophaga","caerulescens","Black-throated Blue Warbler","Setophaga caerulescens","Dendroica caerulescens",""
6550,0.251097804,0.188338142,0.207647371,"Invertebrate","LC","LT","Passeriformes","Parulidae","Setophaga","coronata coronata","(Myrtle Warbler) Yellow-rumped Warbler","Setophaga coronata coronata","Dendroica coronata","manual (subspecies not found, BL to BT)"
6560,-0.265748608,-0.186823143,0.119174549,"Invertebrate","LC","UT","Passeriformes","Parulidae","Setophaga","coronata audoboni","(Audubon's Warbler) Yellow-rumped Warbler","Setophaga coronata audoboni","Dendroica coronata","manual (subspecies not found)"
6570,-0.095447871,-0.119403231,-0.037661051,"Invertebrate","LC","UT","Passeriformes","Parulidae","Setophaga","magnolia","Magnolia Warbler","Setophaga magnolia","Dendroica magnolia",""
6590,-0.196143617,-0.265445761,-0.101445455,"Invertebrate","LC","UT","Passeriformes","Parulidae","Setophaga","pensylvanica","Chestnut-sided Warbler","Setophaga pensylvanica","Dendroica pensylvanica",""
6610,-1,-1,0.183673469,"Invertebrate","NT","UT","Passeriformes","Parulidae","Setophaga","striata","Blackpoll Warbler","Setophaga striata","Dendroica striata",""
6620,-0.077829196,-0.265103843,-0.160942761,"Invertebrate","LC","UT","Passeriformes","Parulidae","Setophaga","fusca","Blackburnian Warbler","Setophaga fusca","Dendroica fusca",""
6630,-1,-0.373174689,0.870073625,"Invertebrate","LC","UT","Passeriformes","Parulidae","Setophaga","dominica","Yellow-throated Warbler","Setophaga dominica","Dendroica dominica",""
6650,-0.403508772,-0.581623347,-0.380382001,"Invertebrate","LC","UT","Passeriformes","Parulidae","Setophaga","nigrescens","Black-throated Gray Warbler","Setophaga nigrescens","Dendroica nigrescens",""
6670,0.198838897,-0.434215871,0.290449882,"Invertebrate","LC","LT","Passeriformes","Parulidae","Setophaga","virens","Black-throated Green Warbler","Setophaga virens","Dendroica virens",""
6680,1,-0.042551091,-0.463564831,"Invertebrate","LC","LT","Passeriformes","Parulidae","Setophaga","townsendi","Townsend's Warbler","Setophaga townsendi","Dendroica townsendi",""
6690,0.748717949,-0.779848947,0.036319613,"Invertebrate","LC","LT","Passeriformes","Parulidae","Setophaga","occidentalis","Hermit Warbler","Setophaga occidentalis","Dendroica occidentalis",""
6710,-0.315352952,0.085021072,0.540864291,"Invertebrate","LC","UT","Passeriformes","Parulidae","Setophaga","pinus","Pine Warbler","Setophaga pinus","Dendroica pinus",""
6730,0.213717085,0.038751963,0.809661709,"Invertebrate","LC","LT","Passeriformes","Parulidae","Setophaga","discolor","Prairie Warbler","Setophaga discolor","Dendroica discolor",""
6740,-0.161359861,-0.630767728,0.378740232,"Invertebrate","LC","UT","Passeriformes","Parulidae","Seiurus","aurocapilla","Ovenbird","Seiurus aurocapilla","Seiurus aurocapilla",""
6750,-1,-0.800547054,-0.087893864,"Invertebrate","LC","UT","Passeriformes","Parulidae","Parkesia","noveboracensis","Northern Waterthrush","Parkesia noveboracensis","Seiurus noveboracensis",""
6760,-1,-0.86017163,0.852082039,"Invertebrate","LC","UT","Passeriformes","Parulidae","Parkesia","motacilla","Louisiana Waterthrush","Parkesia motacilla","Seiurus motacilla",""
6770,0.212351574,0.453832092,0.601002865,"Invertebrate","LC","LT","Passeriformes","Parulidae","Geothlypis","formosa","Kentucky Warbler","Geothlypis formosa","Oporornis formosus",""
6790,0.258741259,0.044947745,0.692160612,"Invertebrate","LC","LT","Passeriformes","Parulidae","Geothlypis","philadelphia","Mourning Warbler","Geothlypis philadelphia","Oporornis philadelphia",""
6800,-0.075,-0.255774862,0.048898442,"Invertebrate","LC","UT","Passeriformes","Parulidae","Geothlypis","tolmiei","MacGillivray's Warbler","Geothlypis tolmiei","Oporornis tolmiei",""
6810,-0.014490208,-0.414312518,0.458257544,"Invertebrate","LC","UT","Passeriformes","Parulidae","Geothlypis","trichas","Common Yellowthroat","Geothlypis trichas","Geothlypis trichas",""
6830,-0.007162921,0.121321549,0.650749086,"Invertebrate","LC","UT","Passeriformes","Icteriidae","Icteria","virens","Yellow-breasted Chat","Icteria virens","Icteria virens",""
6840,-0.122807018,-0.508215569,0.81873073,"Invertebrate","LC","UT","Passeriformes","Parulidae","Setophaga","citrina","Hooded Warbler","Setophaga citrina","Wilsonia citrina",""
6850,-0.389285714,-0.154475239,0.064045279,"Invertebrate","LC","UT","Passeriformes","Parulidae","Cardellina","pusilla","Wilson's Warbler","Cardellina pusilla","Wilsonia pusilla",""
6870,0.053308684,-0.564842751,0.252671965,"Invertebrate","LC","LT","Passeriformes","Parulidae","Setophaga","ruticilla","American Redstart","Setophaga ruticilla","Setophaga ruticilla",""
6882,-0.03418211,-0.526762566,0.540696064,"PlantSeed","LC","UT","Passeriformes","Passeridae","Passer","domesticus","House Sparrow","Passer domesticus","Passer domesticus",""
7000,1,-1,-0.935897436,"Invertebrate","VU","LT","Passeriformes","Motacillidae","Anthus","spragueii","Sprague's Pipit","Anthus spragueii","Anthus spragueii",""
7020,-0.371621622,0.487226417,0.856517935,"Invertebrate","LC","UT","Passeriformes","Mimidae","Oreoscoptes","montanus","Sage Thrasher","Oreoscoptes montanus","Oreoscoptes montanus",""
7030,0.096381963,-0.254349776,0.490293388,"Omnivore","LC","LT","Passeriformes","Mimidae","Mimus","polyglottos","Northern Mockingbird","Mimus polyglottos","Mimus polyglottos",""
7040,0.017539843,-0.624801088,0.534959013,"Invertebrate","LC","LT","Passeriformes","Mimidae","Dumetella","carolinensis","Gray Catbird","Dumetella carolinensis","Dumetella carolinensis",""
7050,0.002666667,-0.258009917,0.658394079,"Omnivore","LC","LT","Passeriformes","Mimidae","Toxostoma","rufum","Brown Thrasher","Toxostoma rufum","Toxostoma rufum",""
7130,-0.27047488,0.751540041,0.231396534,"Invertebrate","LC","UT","Passeriformes","Troglodytidae","Campylorhynchus","brunneicapillus","Cactus Wren","Campylorhynchus brunneicapillus","Campylorhynchus brunneicapillus",""
7150,0.036509286,0.163132321,0.374470249,"Invertebrate","LC","LT","Passeriformes","Troglodytidae","Salpinctes","obsoletus","Rock Wren","Salpinctes obsoletus","Salpinctes obsoletus",""
7180,-0.067084927,-0.461758157,0.632624702,"Invertebrate","LC","UT","Passeriformes","Troglodytidae","Thryothorus","ludovicianus","Carolina Wren","Thryothorus ludovicianus","Thryothorus ludovicianus",""
7190,0.36610608,0.228143638,-0.416515973,"Invertebrate","LC","LT","Passeriformes","Troglodytidae","Thryomanes","bewickii","Bewick's Wren","Thryomanes bewickii","Thryomanes bewickii",""
7210,-0.080353174,-0.519193215,0.545650589,"Invertebrate","LC","UT","Passeriformes","Troglodytidae","Troglodytes","aedon","House Wren","Troglodytes aedon","Troglodytes aedon",""
7221,-0.673469388,-0.299870186,-0.524590164,"Invertebrate","LC","UT","Passeriformes","Troglodytidae","Troglodytes","pacificus","Pacific Wren","Troglodytes pacificus","Troglodytes troglodytes",""
7222,-0.514719848,0.111390268,-0.001103753,"Invertebrate","LC","UT","Passeriformes","Troglodytidae","Troglodytes","hiemalis","Winter Wren","Troglodytes hiemalis","Troglodytes troglodytes",""
7240,-0.646502836,-0.061957728,0.261363636,"Invertebrate","LC","UT","Passeriformes","Troglodytidae","Cistothorus","platensis","Sedge Wren","Cistothorus platensis","Cistothorus platensis",""
7250,-0.160401003,0.747085048,-0.753205128,"Invertebrate","LC","UT","Passeriformes","Troglodytidae","Cistothorus","palustris","Marsh Wren","Cistothorus palustris","Cistothorus palustris",""
7260,-1,-0.896797743,0.359425962,"Invertebrate","LC","UT","Passeriformes","Certhiidae","Certhia","americana","Brown Creeper","Certhia americana","Certhia americana",""
7270,0.098690827,-0.728661122,0.595225127,"Omnivore","LC","LT","Passeriformes","Sittidae","Sitta","carolinensis","White-breasted Nuthatch","Sitta carolinensis","Sitta carolinensis",""
7280,0.063066864,-0.029171529,-0.200802174,"Omnivore","LC","LT","Passeriformes","Sittidae","Sitta","canadensis","Red-breasted Nuthatch","Sitta canadensis","Sitta canadensis",""
7290,0.084337349,-0.537234043,0.896666667,"Invertebrate","LC","LT","Passeriformes","Sittidae","Sitta","pusilla","Brown-headed Nuthatch","Sitta pusilla","Sitta pusilla",""
7310,0.145536211,-0.636815312,0.633041308,"Invertebrate","LC","LT","Passeriformes","Paridae","Baeolophus","bicolor","Tufted Titmouse","Baeolophus bicolor","Baeolophus bicolor",""
7315,1,1,-1,"Invertebrate","LC","LT","Passeriformes","Paridae","Baeolophus","bicolor / atricristatus","unid. Tufted Titmouse / Black-crested Titmouse","Baeolophus bicolor / atricristatus","Baeolophus bicolor","manual (possible sp)"
7320,1,0.16534867,-0.99068323,"Invertebrate","LC","LT","Passeriformes","Paridae","Baeolophus","atricristatus","Black-crested Titmouse","Baeolophus atricristatus","Baeolophus atricristatus",""
7331,1,0.770212766,-0.296,"Invertebrate","LC","LT","Passeriformes","Paridae","Baeolophus","ridgwayi","Juniper Titmouse","Baeolophus ridgwayi","Baeolophus ridgwayi",""
7350,-0.127034438,-0.291888296,0.027232737,"Invertebrate","LC","UT","Passeriformes","Paridae","Poecile","atricapillus","Black-capped Chickadee","Poecile atricapillus","Parus atricapillus",""
7360,-0.056773517,-0.286458257,0.657960921,"Invertebrate","LC","UT","Passeriformes","Paridae","Poecile","carolinensis","Carolina Chickadee","Poecile carolinensis","Parus carolinensis",""
7380,0.026376147,-0.326883131,0.393423735,"Invertebrate","LC","LT","Passeriformes","Paridae","Poecile","gambeli","Mountain Chickadee","Poecile gambeli","Parus gambeli",""
7410,-1,-0.300662964,-0.501635769,"Invertebrate","LC","UT","Passeriformes","Paridae","Poecile","rufescens","Chestnut-backed Chickadee","Poecile rufescens","Parus rufescens",""
7430,0.956521739,0.127118644,-0.565217391,"Invertebrate","LC","LT","Passeriformes","Aegithalidae","Psaltriparus","minimus","Bushtit","Psaltriparus minimus","Psaltriparus minimus",""
7460,0.116831683,0.900029061,0.182941904,"Invertebrate","LC","LT","Passeriformes","Remizidae","Auriparus","flaviceps","Verdin","Auriparus flaviceps","Auriparus flaviceps",""
7480,-0.250847458,-0.429160463,-0.436397156,"Invertebrate","LC","UT","Passeriformes","Regulidae","Regulus","satrapa","Golden-crowned Kinglet","Regulus satrapa","Regulus satrapa",""
7490,-0.054127742,-0.00016247,0.363663664,"Invertebrate","LC","UT","Passeriformes","Regulidae","Regulus","calendula","Ruby-crowned Kinglet","Regulus calendula","Regulus calendula",""
7510,-0.162689102,-0.175097261,0.671864227,"Invertebrate","LC","UT","Passeriformes","Polioptilidae","Polioptila","caerulea","Blue-gray Gnatcatcher","Polioptila caerulea","Polioptila caerulea",""
7520,1,0.955257271,0.593705293,"Invertebrate","LC","LT","Passeriformes","Polioptilidae","Polioptila","melanura","Black-tailed Gnatcatcher","Polioptila melanura","Polioptila melanura",""
7540,1,-0.561507937,0.102150538,"Omnivore","LC","LT","Passeriformes","Turdidae","Myadestes","townsendi","Townsend's Solitaire","Myadestes townsendi","Myadestes townsendi",""
7550,-0.047894561,-0.748681716,0.622928977,"Invertebrate","LC","UT","Passeriformes","Turdidae","Hylocichla","mustelina","Wood Thrush","Hylocichla mustelina","Hylocichla mustelina",""
7560,-0.387653972,-0.226902312,-0.20615192,"Omnivore","LC","UT","Passeriformes","Turdidae","Catharus","fuscescens","Veery","Catharus fuscescens","Catharus fuscescens",""
7580,-0.04512536,-0.107002444,-0.521494486,"Invertebrate","LC","UT","Passeriformes","Turdidae","Catharus","ustulatus","Swainson's Thrush","Catharus ustulatus","Catharus ustulatus",""
7590,-0.026293986,-0.093666558,0.128948262,"Invertebrate","LC","UT","Passeriformes","Turdidae","Catharus","guttatus","Hermit Thrush","Catharus guttatus","Catharus guttatus",""
7610,0.05796551,-0.442725933,0.420830242,"Omnivore","LC","LT","Passeriformes","Turdidae","Turdus","migratorius","American Robin","Turdus migratorius","Turdus migratorius",""
7630,0.64785553,0.013819347,0.329299914,"FruiNect","LC","LT","Passeriformes","Turdidae","Ixoreus","naevius","Varied Thrush","Ixoreus naevius","Zoothera naevia",""
7660,0.079005752,-0.50310678,0.686303886,"Invertebrate","LC","LT","Passeriformes","Turdidae","Sialia","sialis","Eastern Bluebird","Sialia sialis","Sialia sialis",""
7670,-1,0.473077556,-0.458244111,"Invertebrate","LC","UT","Passeriformes","Turdidae","Sialia","mexicana","Western Bluebird","Sialia mexicana","Sialia mexicana",""
7680,0.398072646,-0.041816744,0.427693303,"Invertebrate","LC","LT","Passeriformes","Turdidae","Sialia","currucoides","Mountain Bluebird","Sialia currucoides","Sialia currucoides",""
22860,-1,0.560070228,0.048951049,"PlantSeed","LC","UT","Columbiformes","Columbidae","Streptopelia","decaocto","Eurasian Collared-Dove","Streptopelia decaocto","Streptopelia decaocto",""
